caption,comments_count,media_id,like_count,media_product_type,media_type,media_url,permalink,timestamp,username
"여름에는 ☀️ 주얼리로 포인트 주기 💎
#광고 #OPENWORKSTUDIO #OPWS #오픈워크스튜디오",64,17926154669742595,1850,FEED,CAROUSEL_ALBUM,https://scontent.cdninstagram.com/v/t51.29350-15/364281830_1041029253727311_9202628157960545575_n.jpg?_nc_cat=107&ccb=1-7&_nc_sid=8ae9d6&_nc_ohc=0MBzVpaSZN0AX8tWwX7&_nc_ht=scontent.cdninstagram.com&edm=AL-3X8kEAAAA&oh=00_AfAo2xw7xGRNSrDoBo-gEelSnAYyai8TFXKeNdTAVD91eA&oe=64D66020,https://www.instagram.com/p/Cvce9SyLkUr/,2023-08-02T14:10:14+0000,jiseong
"#광고 #iamadiscoverer 
🌐 디스커버리와 함께한 주말 나들이 ! 오랜만에 나홀로나무 다녀왔습니다 🌳🌿
🩴 디스커버리의 텐션슬라이드는 4cm의 가벼운 쿠셔닝으로 착화감이 편안해서 좋았어요 :) 물에 뜨는 가벼운 소재로, 올여름 물놀이 갈 때도 신기 좋은 아이템으로 추천드려요 ! 🏖️
#디스커버리슬리퍼 #여름슬리퍼 #여름신발 #남자슬리퍼",94,17907872129801769,2507,FEED,CAROUSEL_ALBUM,https://scontent.cdninstagram.com/v/t51.29350-15/364264365_833923024708147_8258232316362514412_n.jpg?_nc_cat=105&ccb=1-7&_nc_sid=8ae9d6&_nc_ohc=c4Noisl3wREAX-vNyVJ&_nc_ht=scontent.cdninstagram.com&edm=AL-3X8kEAAAA&oh=00_AfCvChrCtWRmRddNRaVWN2a2_9FRmKQpxje6visA7ML3TA&oe=64D617D5,https://www.instagram.com/p/CvUOpOwOfJr/,2023-07-30T09:13:46+0000,jiseong
뒤늦은 🎁인증 (자존감을 지켜주는 고양이래옹),78,18013825753738685,2977,FEED,CAROUSEL_ALBUM,https://scontent.cdninstagram.com/v/t51.29350-15/363320883_229450326194075_851331047767420634_n.jpg?_nc_cat=101&ccb=1-7&_nc_sid=8ae9d6&_nc_ohc=fQvDc2HRGdoAX-GJuz0&_nc_ht=scontent.cdninstagram.com&edm=AL-3X8kEAAAA&oh=00_AfCxHY-PAqVEQhe2GVI7CoOFCFrhnyAI00gyZKEqIghudQ&oe=64D7143E,https://www.instagram.com/p/CvH1CcErErW/,2023-07-25T13:39:08+0000,jiseong
휴바 ~!*(휴무 바이브라는뜻),75,17962615280433679,1705,FEED,CAROUSEL_ALBUM,https://scontent.cdninstagram.com/v/t51.29350-15/361119730_1301303527480671_3878245053411866377_n.jpg?_nc_cat=108&ccb=1-7&_nc_sid=8ae9d6&_nc_ohc=r-pSQI6rdsAAX8KEayd&_nc_ht=scontent.cdninstagram.com&edm=AL-3X8kEAAAA&oh=00_AfBJKEtMMeSDWMHwwny4uzOr12F1Pi6vi1GAg4DTzc5kIg&oe=64D60E70,https://www.instagram.com/p/Cu57kOdy1QN/,2023-07-20T04:06:48+0000,jiseong
본체는 유교보이인데 예쁜 옷입는건 너무 재밌잖아요 🥹,95,18023043910584448,3176,FEED,CAROUSEL_ALBUM,https://scontent.cdninstagram.com/v/t51.29350-15/358559367_1659608907876168_4828503133879972065_n.jpg?_nc_cat=110&ccb=1-7&_nc_sid=8ae9d6&_nc_ohc=EUu1dxApAcsAX_lr3R8&_nc_ht=scontent.cdninstagram.com&edm=AL-3X8kEAAAA&oh=00_AfAByZT0cvGxijXRhiXxIL3VEreR8SwuXsL406W8fr8Vcw&oe=64D62518,https://www.instagram.com/p/CudvWvKS0mX/,2023-07-09T05:21:22+0000,jiseong
"여러분,, 저에게 무슨일이 있었냐면요 … 

크로플을 먹었습니다 😋",80,17986279532174366,2750,FEED,CAROUSEL_ALBUM,https://scontent.cdninstagram.com/v/t51.29350-15/357119669_158607733887736_4941862441206993477_n.jpg?_nc_cat=109&ccb=1-7&_nc_sid=8ae9d6&_nc_ohc=O5uxjnOIvk4AX-ktqmA&_nc_ht=scontent.cdninstagram.com&edm=AL-3X8kEAAAA&oh=00_AfCCsZXD46X7KAjcgTVJjffZJqrSBI0w_YpHyF8h5ezIXg&oe=64D6B0C4,https://www.instagram.com/p/CuMxin6xxn8/,2023-07-02T15:13:23+0000,jiseong
"나른한 일요일 🫠
#레씨토 #lecyto",78,17890080257836821,3673,FEED,CAROUSEL_ALBUM,https://scontent.cdninstagram.com/v/t51.29350-15/354421205_610363181101766_1819005092711713450_n.jpg?_nc_cat=105&ccb=1-7&_nc_sid=8ae9d6&_nc_ohc=jWzHCWqF6jgAX-NiDPk&_nc_ht=scontent.cdninstagram.com&edm=AL-3X8kEAAAA&oh=00_AfAvf3RGesOoQwyG11u2AYfG4a2c_vODwUjk8yKY4e7CcQ&oe=64D647AF,https://www.instagram.com/p/Ctn_hBJu2lG/,2023-06-18T08:23:36+0000,jiseong
"+ 예정에 없던 드라이브, 불꽃놀이 하려고 불 붙이자마자 번개 떨어지고 비온날도 추억인거죠 ^^; #을왕리",173,17958902009539707,2798,FEED,CAROUSEL_ALBUM,https://scontent.cdninstagram.com/v/t51.29350-15/352849236_1905901476461088_5363160166503173412_n.jpg?_nc_cat=110&ccb=1-7&_nc_sid=8ae9d6&_nc_ohc=XW9hVt_474YAX_AC7su&_nc_ht=scontent.cdninstagram.com&edm=AL-3X8kEAAAA&oh=00_AfAEmaL2_8AyCsKUMKJ1XtiyGKEstkUVIY2c8DdO7KerCw&oe=64D64B5A,https://www.instagram.com/p/CtWoiu3LAud/,2023-06-11T14:35:46+0000,jiseong
"#광고 edition_sensibility 
+ x + 에디션과 그라핀 스튜디오의 콜라보레이션 티셔츠를 입어봤습니다 :) 🌊 서핑과 비치컬쳐를 바탕으로 활동하는 작가님의 개성이 담긴 아트웍과 함께 매치한 리유저블백까지..! 시원한 여름 무드를 연출하기 좋았어요 🐳🐬

✔️ 제가 입은 제품외에도 <SUMMER WE LIKE> 컨셉으로 다양한 아트웍을 담아낸 제품들이 있으니 다가오는 여름준비는 에디션과 함께해요 💫💙
.
.
#edition #에디션 #에디션센서빌리티 #edtionsensibility #에디션X그라핀 #에디션그래픽티셔츠 #여름반팔코디",120,18187700035261908,9739,FEED,CAROUSEL_ALBUM,https://scontent.cdninstagram.com/v/t51.29350-15/351269303_775423400720741_5743502943442224171_n.jpg?_nc_cat=104&ccb=1-7&_nc_sid=8ae9d6&_nc_ohc=b1OpvvoKoLMAX_b6JZn&_nc_ht=scontent.cdninstagram.com&edm=AL-3X8kEAAAA&oh=00_AfCaQmOPCAV-vyCSOGaUmGxocLIOS-J8iCkYjzdvAwaZmw&oe=64D6AC4D,https://www.instagram.com/p/CtECUOMu-4o/,2023-06-04T09:15:24+0000,jiseong
"#광고 chanel.beauty.korea
💫 자신만의 길을 개척하는 남성을 위한 향수 ‘블루 드 샤넬’
그중에서도 ‘블루 드 샤넬 오 드 뚜왈렛’은 생기 있고 활기 넘치는 향으로, 새로운 시작을 하는 2030 남성에게 더욱 잘 어울리는 섬세하고 감각적인 향수입니다. 
💙🖤 가장 산뜻하게 블루 드 샤넬을 경험할 수 있는 블루 드 샤넬 오 드 뚜왈렛은 자몽의 시트러스와, 아로마틱 어코드, 베티버가 조화를 이루며 완성되는 상쾌하고 편안한 우디 향입니다.

💁🏻‍♂️ 지난번 소개해드렸던 ‘빠르펭’은 비교적 단조로운 조합으로 구성되어, 포근한 아로마향과 풍부한 느낌의 우드향이 제일 돋보였던 제품이라면, ✔️‘오 드 뚜왈렛’은 시트러스계열에 베이스 구성이 다양하게 조합된 향으로, 톡 쏘는 듯 한 독특한 향과 쌉싸름한 느낌으로 시작되는 첫 향을 베이스노트에서 산뜻함을 가지고 있는 우디 향이 받쳐주면서 조화를 이루어 신선하고 풍부한 향을 연출하는 매력적인 제품입니다. 🤤🌶️🪵
(잔향을 좋아하는 분들은 오 드 뚜왈렛을 더 추천드려요 )
++평소에도 사용하고 있었던 블루 드 샤넬의 스킨 케어 제품들과 함께 사용하니까 더욱 오랫동안 향을 즐길 수 있어서 좋았습니다 :)
#블루드샤넬 #샤넬뷰티 #샤넬향수 #샤넬남자향수",57,17959918064581621,1205,FEED,CAROUSEL_ALBUM,https://scontent.cdninstagram.com/v/t51.29350-15/350779800_264966926026205_5210539911038810233_n.jpg?_nc_cat=109&ccb=1-7&_nc_sid=8ae9d6&_nc_ohc=GqyN2RzziPYAX-95Pm_&_nc_ht=scontent.cdninstagram.com&edm=AL-3X8kEAAAA&oh=00_AfARsKJltyujiZlxZb4d0n-dsA0iNbsl1EiiY1OYEQVCLw&oe=64D5BC96,https://www.instagram.com/p/Cs80xoFrFCx/,2023-06-01T14:02:24+0000,jiseong
"제가 요새 얼마나 정신이 없었냐면,, 스캇에 당첨되고도 이제야 올리는거죠 🥹 처음으로 정가 주고 사본 스캇 ✌🏻
#SNKRSKickCheck",70,17974474427110777,1909,FEED,CAROUSEL_ALBUM,https://scontent.cdninstagram.com/v/t51.29350-15/347841771_265136465983954_2847678280713406975_n.jpg?_nc_cat=108&ccb=1-7&_nc_sid=8ae9d6&_nc_ohc=kB8w8S7vG2UAX_p0Ydq&_nc_ht=scontent.cdninstagram.com&edm=AL-3X8kEAAAA&oh=00_AfAJO6sURIy4LdgXLeS2E5TkoEhIdlCBVK65McWSwf0KFg&oe=64D5F4FE,https://www.instagram.com/p/CsiLejIyMmW/,2023-05-22T05:41:17+0000,jiseong
"#광고 outdoorproducts_kr 
아웃도어프로덕츠의 데님 셋업 입어봤습니다 :)
👕👖어떤 코디에도 매치하기가 좋은 아이템으로, 셋업으로도 따로 입기에도 좋았어요 🥰

✔️ 현재 아웃도어 프로덕츠 공홈에서 '인플루언서 픽 기획전'이 진행되어 30%할인도 하고 있다고 합니다 . 다가오는 여름 준비는 아웃도어 프로덕츠로 하자구요 🫶🏻 모두들 득템하러 고고 🫶🏻 ( ~5/31까지 ! )
#아웃도어프로덕츠 #OUTDOORPRODUCTS #데님셋업 #반팔셋업 #여름데님 #남자셋업",78,17983711490121658,1839,FEED,CAROUSEL_ALBUM,https://scontent.cdninstagram.com/v/t51.29350-15/348233228_203146185897992_6763087048204990614_n.jpg?_nc_cat=103&ccb=1-7&_nc_sid=8ae9d6&_nc_ohc=8mJJtD0x4F8AX_zaSvw&_nc_ht=scontent.cdninstagram.com&edm=AL-3X8kEAAAA&oh=00_AfAKJSjJaD100DgakDHI7LfPk5jcUYu6Q2QjTutzyXPK0A&oe=64D73DBC,https://www.instagram.com/p/Csd8CPEL8Sm/,2023-05-20T14:09:23+0000,jiseong
삐죽삐죽 내 머리,83,18188214991268945,2373,FEED,CAROUSEL_ALBUM,https://scontent.cdninstagram.com/v/t51.29350-15/347823710_803197664858554_3700699633206884933_n.jpg?_nc_cat=101&ccb=1-7&_nc_sid=8ae9d6&_nc_ohc=TZl1OdJzsdYAX-ziXY2&_nc_oc=AQmn9T1UA3101n0aiBnL_tb3oeC7LfnXBHNTRYsWo_vlDyZ2cZhKw0nFblWZ4-uloFA&_nc_ht=scontent.cdninstagram.com&edm=AL-3X8kEAAAA&oh=00_AfAbfSor0z1-sf3KZHykoGka0jEP4BdpLQxc6o2VUN6uvw&oe=64D5F363,https://www.instagram.com/p/CsbV1D7x9KE/,2023-05-19T13:57:03+0000,jiseong
"#광고 hazzys_official 
🦄 헤지스의 ’아이코닉 티셔츠‘ 입어봤습니다 :)
아이코닉 티셔츠는 헤지스의 아이코닉 컬렉션 중에서도 땀흡수가 빠르고 소재도 시원해서 여름에 손이 많이 가는 아이템이에오 🥳
☀️ 더워지는 날씨, 헤지스 아이코닉T 로 다가오는 여름준비합시다 ❤️‍🔥🤧 
.
.
#헤지스 #Hazzys #헤지스아이코닉 #HazzysIconic #아이코닉T #iconicT",75,18022762579491542,1646,FEED,CAROUSEL_ALBUM,https://scontent.cdninstagram.com/v/t51.29350-15/347419973_549697037239825_6091478020329718577_n.jpg?_nc_cat=104&ccb=1-7&_nc_sid=8ae9d6&_nc_ohc=ntZ_OWdSd4IAX9esl_j&_nc_ht=scontent.cdninstagram.com&edm=AL-3X8kEAAAA&oh=00_AfBR6VAftZdkKEP-fJQTqpN2aP2pwi6TzQUzHqaOh9UDlA&oe=64D7697F,https://www.instagram.com/p/CsWPFAjpjlN/,2023-05-17T14:21:52+0000,jiseong
"#광고 클럽모나코의 ‘오버핏 하프 슬리브셔츠와 쇼츠’ 입어봤습니다 :) TPO가 변하는 사회 진출의 첫걸음은 클럽모나코와 함께해요 🥰💼
#클모 #clubmonaco_kr #클럽모나코 #hfashionmall",66,18036385933479013,1766,FEED,CAROUSEL_ALBUM,https://scontent.cdninstagram.com/v/t51.29350-15/346441745_794923468657011_8578083187828683654_n.jpg?_nc_cat=106&ccb=1-7&_nc_sid=8ae9d6&_nc_ohc=FAhj1uzuqvAAX_hPjXc&_nc_ht=scontent.cdninstagram.com&edm=AL-3X8kEAAAA&oh=00_AfA224XrdbfOFhUT41s0Iz2cDbl93zh4KhTaY2jDhHwKqQ&oe=64D5B8DC,https://www.instagram.com/p/CsNlPsvSMIG/,2023-05-14T05:42:24+0000,jiseong
"#광고 markgonzaleskorea 
🛹 세계적인 프로 스케이터이자 슈프림, 아디다스의 아트디렉터 ‘마크곤잘레스’의 개성과 열정을 담아낸 스트릿 캐주얼 브랜드 ‘마크곤잘레스’ 의 팝업스토어에 다녀왔습니다 :)💛 
🎨 이번 팝업은 마크곤잘레스가 직접 방문할정도로 특별하게 준비되었는데, 마곤의 신제품은 물론 다양한 이벤트와 포토부스까지 즐길거리도 준비되어 있어서 좋았어요 ! 👾🎮

💝 현재 팝업스토어에서는 매 주 주말마다 선착순 방문자들에게 게임을 통한 경품 증정 이벤트를 진행하고 있다고합니다 :) 주말에  데이트는 마곤 팝업으로 출동해서 선물까지 노려보자구요 🥳
✔️: ~ 6월 25일까지 / 성동구 뚝섬로 17가길 56 
 #MARKGOZALES #마크곤잘레스 #팝업스토어 #성수팝업",61,17963649338300632,1765,FEED,CAROUSEL_ALBUM,https://scontent.cdninstagram.com/v/t51.29350-15/345416205_617855020389387_4394505892808373183_n.jpg?_nc_cat=105&ccb=1-7&_nc_sid=8ae9d6&_nc_ohc=7giukLSbea8AX-gygAW&_nc_ht=scontent.cdninstagram.com&edm=AL-3X8kEAAAA&oh=00_AfALqJPtkupEwH4lGQkzfceqRWWEbMKsPBUOloYJTtGJ8g&oe=64D5D1B5,https://www.instagram.com/p/Cr_NBD3rzYy/,2023-05-08T15:41:19+0000,jiseong
"#광고 newerakorea 
5️⃣9️⃣ 바로 내일, 5월 9일은 뉴에라 #오구공데이 ! 뉴에라의 시그니처 모델인 피티드캡을 기념하는 날입니다 :)🥳
뉴에라의  피티드캡과 함께 자신만의 사이즈로 힙하게 매치해보아요 🧢
✌🏻Y2K 감성의 일자챙 스냅백부터 챙을 굽혀 깊은 볼캡으로도 매치할 수 있는 어센틱 모델까지 ! 🏁 플래그 자수의 포인트와 내 사이즈에 딱맞게 잡아주는 핏이 좋았습니다 😉
#뉴에라 #오구오공데이 #59FIFTYday #NEWERA 
newera_ootd",81,17997120454807040,2502,FEED,CAROUSEL_ALBUM,https://scontent.cdninstagram.com/v/t51.29350-15/345493938_786009499463624_5953627870018775299_n.jpg?_nc_cat=103&ccb=1-7&_nc_sid=8ae9d6&_nc_ohc=ncqbP8fy3TUAX-FMOSI&_nc_ht=scontent.cdninstagram.com&edm=AL-3X8kEAAAA&oh=00_AfAC1godmF-ybKnd7DcQ8HlTflyE_kN2VASrEyeBIMas5A&oe=64D5D777,https://www.instagram.com/p/Cr998I1y62V/,2023-05-08T04:10:20+0000,jiseong
"#광고 bobbibrownkorea 
❤️‍🔥 남녀노소 모두에게 사랑받는 '바비 브라운 엑스트라 립 틴트'가 다양해진 컬러와 업그레이드된 포뮬라로 돌아왔습니다 ! 

🌵 평소에도 입술이 건조한 편이라 립밤은 꼭 챙기는데, 남자가 바르기에도 발색이 과하지 않고 촉촉함이 오래 유지되서 데일리아이템으로 자주 애용하고 있어요 :) 그중에서도 제 픽은 Bare Bloom 🌸

🎁 행사가 많은 5월에는 '바비 브라운 엑스트라 립 틴트'로 기프트를 준비해보시는 것도 추천드려요 ! 
.
.
#바비브라운 #BOBBIBROWN #엑스트라립틴트 #바비브라운립밤 #컬러립밤 #남자립밤",57,17957890931585147,1340,FEED,CAROUSEL_ALBUM,https://scontent.cdninstagram.com/v/t51.29350-15/345287586_625102776311731_43077849697060067_n.jpg?_nc_cat=105&ccb=1-7&_nc_sid=8ae9d6&_nc_ohc=v8vv1FHwd9MAX-UPXio&_nc_ht=scontent.cdninstagram.com&edm=AL-3X8kEAAAA&oh=00_AfAC0WcLI7EJue8PgSR7xJUOeKWUjXdXmz8TyphiPEPUYA&oe=64D69033,https://www.instagram.com/p/Cr8dYvrr5bN/,2023-05-07T14:06:38+0000,jiseong
"#광고 UMBRO HEALTHY MARKET LAUNCH !
🌿 엄브로가 재해석한 '헬시' 마켓에 초대받았어요 :)
🇬🇧 런던 스트릿 감성을 담은 엄브로의 헬시마켓에서는 과일 아트워크가 들어간 아이템들과 다양한 굿즈들을 만나볼 수 있다고 합니다 🍑🍊🍋
이번 마켓에서는 팝업기간 한정으로 특별한 디저트도 즐길 수 있다고 하니 성수에서 핫플을 찾고 계신 분들은 꼭 들려보아요 🏃🏻🏃🏻‍♀️ 

🍎 기간: 5월 11일(목) - 5월 17일(수) / 오전 10시 ~ 오후 8시
🍏 장소: 성수동 뚝섬로 17가길 55 테니성수
#헬시마켓 #엄브로 #엄브로헬시마켓",51,17900416670788205,909,FEED,CAROUSEL_ALBUM,https://scontent.cdninstagram.com/v/t51.29350-15/345031331_937398040735718_6536849875245352711_n.jpg?_nc_cat=111&ccb=1-7&_nc_sid=8ae9d6&_nc_ohc=VgFDaHVkKeYAX-y0ebf&_nc_ht=scontent.cdninstagram.com&edm=AL-3X8kEAAAA&oh=00_AfCkdsHwc2DEDyhuk_3t19uORlCe8gM1cfA14kkq6b0tsQ&oe=64D62AAF,https://www.instagram.com/p/Cr53ga7rf55/,2023-05-06T13:57:09+0000,jiseong
"좀만 더크면 잡아먹어야지 🤤
#어린이날 #SNKRSKickCheck",142,18083067172342475,3779,FEED,CAROUSEL_ALBUM,https://scontent.cdninstagram.com/v/t51.29350-15/344800508_200041129503593_6178216159916943036_n.jpg?_nc_cat=106&ccb=1-7&_nc_sid=8ae9d6&_nc_ohc=0d_AoLRetE0AX-Qaorm&_nc_oc=AQkeCQBz3E5yeCbV79ANZnqbodvVJpw0ytSWvrSC0VK8K-kZ4XOYviKeabEBgcipU4Y&_nc_ht=scontent.cdninstagram.com&edm=AL-3X8kEAAAA&oh=00_AfCl5hSMannt0jd7kmOw9NrNfgKjO32CuoiKq6wly-ZnPQ&oe=64D6B594,https://www.instagram.com/p/Cr2W6rQyMQ4/,2023-05-05T05:14:39+0000,jiseong
"#유료광고 diorbeauty 
벌써 2년째 쓰고 있는 디올뷰티의 '소바쥬 오 드 뚜왈렛' ✨
🔎 소바쥬는 상쾌하고 강렬한 시트러스 우디 향과 세련된 잔향이 오래 지속되어 유독 손이 많이 가는 향수였어요 ! 뿌릴 때마다 어떤 향수를 뿌렸는지 물어보는 친구들이 많아서 선물도 하고 자주 추천해줬었는데 다들 좋아했습니다 💝

✍🏻 이번에는 각인서비스까지 받아 볼 수 있어서 스스로에게 주는 선물로 'dear dude'라는 메세지도 새겨봤어요 :) 다가오는 가정의 달에는 나만의 특별함을 담은 소바쥬와 함께해요 🖤🤍
.
.
#디올뷰티 #디올향수 #디올소바쥬 #소바쥬오드뚜왈렛 #선물추천 #성년의날선물 diorbeautylovers",80,18228047530201494,1702,FEED,CAROUSEL_ALBUM,https://scontent.cdninstagram.com/v/t51.29350-15/344274537_540482224947834_3398608267552780680_n.jpg?_nc_cat=104&ccb=1-7&_nc_sid=8ae9d6&_nc_ohc=35p-SbM-P8sAX8O0Alb&_nc_ht=scontent.cdninstagram.com&edm=AL-3X8kEAAAA&oh=00_AfABS4wfnyPGuLJiTXNDaD_p9ctTBlnvrSEuS6VkMe5w3A&oe=64D69A5D,https://www.instagram.com/p/CryKN62OzbP/,2023-05-03T14:06:44+0000,jiseong
"#유료광고 diorbeauty 
강렬하면서도 넘치듯 풍부한 상쾌함을 선사하는 '소바쥬 오드 뚜왈렛' 💙
🎁 특히 5월에는 기프팅 시즌에 맞춰 카카오톡 선물하기를 통해서 '각인 서비스'를 제공하고 있다고 합니다 ! 
자신만의 의미있는 각인으로 하나뿐인 소바쥬를 선물해보아요 ✍🏻

(✔️5월8일부터 15일까지 카카오에서 구매시, 기프트 시즌 스페셜 아트 오브 기프팅 포장으로 제공된다고하니 이번 성년의 날 선물은 소바쥬와 함께 해요 💝)
.
.
#디올뷰티 #디올향수 #디올소바쥬 #소바쥬오드뚜왈렛 #선물추천 #성년의날선물",42,17915465702727781,975,FEED,CAROUSEL_ALBUM,https://scontent.cdninstagram.com/v/t51.29350-15/344124453_6079279042165927_982136317695146755_n.jpg?_nc_cat=101&ccb=1-7&_nc_sid=8ae9d6&_nc_ohc=76uQ0LTniJQAX8Rb5vP&_nc_ht=scontent.cdninstagram.com&edm=AL-3X8kEAAAA&oh=00_AfDNuT0VXHrpaQU2ZqjuFKh1oc3gFqbOj8u9wB68x9kpDw&oe=64D6712C,https://www.instagram.com/p/Crs2GctrY6l/,2023-05-01T12:34:44+0000,jiseong
목섬에서,74,17983221779092910,1903,FEED,CAROUSEL_ALBUM,https://scontent.cdninstagram.com/v/t51.29350-15/343294521_147382471635129_4774826390532824460_n.jpg?_nc_cat=106&ccb=1-7&_nc_sid=8ae9d6&_nc_ohc=TmP7HIomZyIAX-nFyjl&_nc_ht=scontent.cdninstagram.com&edm=AL-3X8kEAAAA&oh=00_AfCIzHjTvnxr-fl0Ge4qlzzOh1v5DghJHiZz8hGdRhQnuQ&oe=64D5F884,https://www.instagram.com/p/Crdi5b_rsdn/,2023-04-25T13:58:20+0000,jiseong
성수동 아톰 ⚛️,105,18243719779085269,5970,FEED,CAROUSEL_ALBUM,https://scontent.cdninstagram.com/v/t51.29350-15/340964195_904629884129785_1305079806270905838_n.jpg?_nc_cat=100&ccb=1-7&_nc_sid=8ae9d6&_nc_ohc=2rU7bwFjfr8AX_8M_5F&_nc_ht=scontent.cdninstagram.com&edm=AL-3X8kEAAAA&oh=00_AfAUmX6dCfKX1qlU68X0G13KhmwaH7JxNdO7BNi9I2_gAA&oe=64D74AE9,https://www.instagram.com/p/CrD4tRuLJd1/,2023-04-15T14:48:39+0000,jiseong
"#광고 GUESS
딱 지금 날씨에만 즐길 수 있는 아우터+반바지 조합 ! ☀️
❓❔게스의 신상들로 입어봤습니다 :)
〰️ 라인 디테일이 들어간 바시티 자켓은 소재가 가벼워서 초여름에도 입기 좋을 것 같아요 🌿 
함께 매치한 데님 팬츠는 게스의 헤리티지가 담긴 역삼각형의 로고 포인트가 완전 이쁩니다 ❤️‍🔥🔻

✨ 이외에도 이번 게스 23 S/S는 게스X송강 컬렉션으로 준비되어 예쁜 아이템들이 많으니 쇼핑 계획중이시라면 게스 추천드려요 (+개인적인 저의 픽은 인디고 셔츠와 핀턱쇼츠,,👍🏻)

#게스 #GUESS #송강청바지 #게스데님 #게스청바지",89,17961082487383967,1969,FEED,CAROUSEL_ALBUM,https://scontent.cdninstagram.com/v/t51.29350-15/339539542_177681571825019_4170709061794197706_n.jpg?_nc_cat=107&ccb=1-7&_nc_sid=8ae9d6&_nc_ohc=dx4_UWmMHeIAX-OYKSk&_nc_ht=scontent.cdninstagram.com&edm=AL-3X8kEAAAA&oh=00_AfCAeMkVabuF4bw00RB6nYzAKZX6WbpWUftJb9hRYX-g_w&oe=64D74694,https://www.instagram.com/p/CqshvsFLmiF/,2023-04-06T13:05:29+0000,jiseong
넹 무,78,17975076677146304,1670,FEED,CAROUSEL_ALBUM,https://scontent.cdninstagram.com/v/t51.29350-15/338958804_3342866255977014_5525321818051053938_n.jpg?_nc_cat=102&ccb=1-7&_nc_sid=8ae9d6&_nc_ohc=Krfo0Xhsm58AX_DrO_-&_nc_ht=scontent.cdninstagram.com&edm=AL-3X8kEAAAA&oh=00_AfA4aP1pdz94XLMe3ID7aYl18nZ2gkcXcC-CAJFD7iFg6w&oe=64D71D13,https://www.instagram.com/p/CqhGjo2SY9W/,2023-04-02T02:36:15+0000,jiseong
행복한 일요일되세오 🤍🪞,75,18049910845407426,2287,FEED,CAROUSEL_ALBUM,https://scontent.cdninstagram.com/v/t51.29350-15/337299536_772288407864275_2645289455192556004_n.jpg?_nc_cat=105&ccb=1-7&_nc_sid=8ae9d6&_nc_ohc=esDQGgVwKRoAX_kiN7r&_nc_ht=scontent.cdninstagram.com&edm=AL-3X8kEAAAA&oh=00_AfDEmvGU2raLWfLIL8CuqXcjSWfyev0aM-UBHku6_M_-mw&oe=64D6A63A,https://www.instagram.com/p/CqPFhCmy6lv/,2023-03-26T02:40:50+0000,jiseong
"#광고 스테인가르텐의 코치자켓 입고 문래 한바퀴 🚶🏻
데님, 카고 팬츠 등 어떤 룩에도 매치하기 좋아서 간절기 아우터로 좋았어요 ✨:)
🇯🇵 일본에서 수입한 ‘방수 고밀도 나일론 사틴 소재’를 사용하여 내구성도 좋고, 특유의 오버핏까지 완전 이쁩니다 ❤️‍🔥 
#스테인가르텐 #stein_garten #간절기아우터",63,17995553380765374,1954,FEED,CAROUSEL_ALBUM,https://scontent.cdninstagram.com/v/t51.29350-15/336990568_206526968640154_9197886341062208143_n.jpg?_nc_cat=103&ccb=1-7&_nc_sid=8ae9d6&_nc_ohc=ztA0CcO9J5kAX-gSY2E&_nc_ht=scontent.cdninstagram.com&edm=AL-3X8kEAAAA&oh=00_AfAI_ZaY5uo8iYc4G2CA_UbPvL321WDAjMxYEb0legjLfA&oe=64D759C4,https://www.instagram.com/p/CqIs2MLLPOc/,2023-03-23T15:09:49+0000,jiseong
"#광고 ✨ 감각적인 남성 컨템포러리 브랜드 가넷옴므의 '라이트그레이 유틸리티 점퍼' 입어 봤습니다 :) 봄이 다가오면서 따뜻해진 날씨에 가볍게 매치할 아우터로 좋았어요 😍
🤍 트윌과 립스탑조직 패턴의 나일론 소재로 내구성도 좋고, 점퍼의  멀티 포켓과  앞턱 주름의 디테일까지 ..! 완성도가 높은 제품이었습니다 :)

 🌷 다가오는 봄, 새로운 옷들을 찾고 계시다면 수트와 코트 등 비즈니스 웨어를 비롯하여 다채로운 소재의 니트, 가디건, 자켓 등 캐주얼 웨어 까지 다양한 제품을 선보이는 가넷옴므 추천드려요 ! 👚👕👖
.
.
#가넷옴므 #자켓 #남자자켓 #자켓코디 #남자자켓코디 #자켓추천 #봄자켓 #봄코디 #봄코디추천 #데일리룩",84,17867656595871095,2204,FEED,CAROUSEL_ALBUM,https://scontent.cdninstagram.com/v/t51.29350-15/335726413_2128339107355725_8573837700754856909_n.jpg?_nc_cat=111&ccb=1-7&_nc_sid=8ae9d6&_nc_ohc=83OiAfDv4JoAX_1ciNn&_nc_ht=scontent.cdninstagram.com&edm=AL-3X8kEAAAA&oh=00_AfCoe4Aqr4pz-2nO8M9j4N7LQvOtrrycnxD8MKRfakFBDA&oe=64D73B07,https://www.instagram.com/p/Cpz7rHkrZ2A/,2023-03-15T13:35:20+0000,jiseong
"이제 드라이까지 3분컷 🌱😵‍💫
3월에도 화이팅 💪🏻",120,18026724439470132,2549,FEED,CAROUSEL_ALBUM,https://scontent.cdninstagram.com/v/t51.29350-15/334038414_1231038457833733_1660160335648637635_n.jpg?_nc_cat=105&ccb=1-7&_nc_sid=8ae9d6&_nc_ohc=sLrkvFE2pDwAX_KuIFa&_nc_ht=scontent.cdninstagram.com&edm=AL-3X8kEAAAA&oh=00_AfCZO_bPoIe4mXYW9Xh2jwE38GPvSUnF-LuaITXC_FXGYw&oe=64D60084,https://www.instagram.com/p/CpNfCuurb8g/,2023-02-28T15:14:01+0000,jiseong
당분간 긴머리는 안녕 🤯,92,17968085459232023,3851,FEED,CAROUSEL_ALBUM,https://scontent.cdninstagram.com/v/t51.29350-15/332124967_219108047270961_4818242054414141576_n.jpg?_nc_cat=104&ccb=1-7&_nc_sid=8ae9d6&_nc_ohc=yj_cWDUk1ioAX-zBT4k&_nc_ht=scontent.cdninstagram.com&edm=AL-3X8kEAAAA&oh=00_AfAbmIdGlnPS8_s7kgb5L4mXcZTghAHLSeae8LM24sEOcA&oe=64D72A82,https://www.instagram.com/p/Co96MFRrz4Y/,2023-02-22T14:03:22+0000,jiseong
"#광고 canonkorea 
📸 캐논 갤러리에서 개최된 ‘This is Fashion Photography' 전시에 다녀왔습니다:)
💡2000년부터 캐논코리아와 한국패션 사진작가협회가 진행하는 역사가 깊은 전시로, 특히 이번 전시에서는 기존의 모델 중심의 사진이 아닌 인물이 없는 사진을 전시하여 인상적이었습니다✨

👚👕 패션사진을 주제로 한 전시는 처음이었는데, 작품들을 보면서 최신 패션사진 트렌드를 한눈에 담을 수 있었고, 다양한 작가님들의 개성이 담긴 독창적인 작품들을 볼 수 있어서 좋았어요 🫶🏻

또한 캐논 갤러리는 전시를 꾸준히 개최하여 사진 예술을 쉽게 접할 수 있는 복합 문화 예술의 공간을 지향한다고 합니다. 저도 새로운 전시가 열릴 때 마다 방문해서 관람해야겠어요 ! 🏃🏻‍♀️🏃🏻
 

✔️ 기간: 2/11 ~ 3/5 (11시~20시) [주말관람가능]
✔️ 장소: 캐논 갤러리 (강남구 봉은사로 217 캐논플렉스 B1층)
.
.
#캐논 #캐논갤러리 #패션사진작가협회 #무료전시 #전시추천 #전시회스타그램 #사진전시회 #강남데이트 #전시회추천 #사진전",73,17955275012263944,1826,FEED,CAROUSEL_ALBUM,https://scontent.cdninstagram.com/v/t51.29350-15/331596326_520941000190431_2697109984118798508_n.jpg?_nc_cat=104&ccb=1-7&_nc_sid=8ae9d6&_nc_ohc=4RxPg6v61eAAX_BkxnI&_nc_ht=scontent.cdninstagram.com&edm=AL-3X8kEAAAA&oh=00_AfD1B6faFkWQxa5HbJUKpypOaHiPZzL-A32JFDRZgraQrg&oe=64D6B008,https://www.instagram.com/p/Co3vgmBSo20/,2023-02-20T04:34:36+0000,jiseong
Greenlover 💚🟩🟢❇️🦠🧪🧑‍🎤,82,18040535080423044,1965,FEED,CAROUSEL_ALBUM,https://scontent.cdninstagram.com/v/t51.29350-15/329978565_2220137968158777_2126609502915641064_n.jpg?_nc_cat=108&ccb=1-7&_nc_sid=8ae9d6&_nc_ohc=4IvQAGGSd-YAX8UNf4Q&_nc_ht=scontent.cdninstagram.com&edm=AL-3X8kEAAAA&oh=00_AfBEdzV0eEWcR7bJ1pOvhI4SpibMtrPbiJObW2Rf4F_7FA&oe=64D77DFD,https://www.instagram.com/p/CojObKzyNiA/,2023-02-12T05:20:42+0000,jiseong
"#광고 머리부터 발끝까지 데상트 🖤
✨ 올라운더 컬렉션과 함께 두가지 방식으로 연출이 가능한 턴즈 백팩까지 ..! 🎒
데상트 올라운더 컬렉션은 스포츠와 일상 어디에서나 편안하게 입을 수 있으면서도 핏까지 이쁘게 나와서 좋았습니다 :)🫶🏻
.
.
#DESCENTE #데상트 #턴즈백팩 #올라운더컬렉션 #ITSTURNING #TURNSBACKPACK #ALLROUNDER",70,18230077594161426,1678,FEED,CAROUSEL_ALBUM,https://scontent.cdninstagram.com/v/t51.29350-15/328854672_594591932482000_2209467928722949621_n.jpg?_nc_cat=109&ccb=1-7&_nc_sid=8ae9d6&_nc_ohc=3iXcPU55rQkAX8umK02&_nc_ht=scontent.cdninstagram.com&edm=AL-3X8kEAAAA&oh=00_AfCtui_DAJYhpVgvrPUa0t7MqS7HiOStXiXLvevblWL_Ag&oe=64D68559,https://www.instagram.com/p/CoUxu05rq6E/,2023-02-06T14:40:36+0000,jiseong
머리 했어요 👅,92,17990331445754679,2815,FEED,CAROUSEL_ALBUM,https://scontent.cdninstagram.com/v/t51.29350-15/328654959_5889901791122904_9066137088982895911_n.jpg?_nc_cat=103&ccb=1-7&_nc_sid=8ae9d6&_nc_ohc=0cWj7izIrsMAX_grNbO&_nc_ht=scontent.cdninstagram.com&edm=AL-3X8kEAAAA&oh=00_AfCGfiIhxsjtagcTWDqXR0I-qxNYcQSP83Rdc_E43-gkqA&oe=64D6D497,https://www.instagram.com/p/CoPnDtQrk46/,2023-02-04T14:31:08+0000,jiseong
"#광고 chanel.beauty.korea
✨ 자신만의 기준을 가지고 꿈을 추구하는 남성을 위한 ‘블루 드 샤넬 빠르펭’ 
깊고 풍부하면서도 섬세한 우디향으로 데일리 향수로 좋았어요 :) 

특히 다가오는 발렌타인데이, 기프트 시즌에 선물하기 좋은 아이템으로 추천드려요 🎁

#블루드샤넬 #샤넬뷰티 #샤넬향수 #샤넬남자향수 #기념일선물 #발렌타인데이",90,17957131625464474,2327,FEED,CAROUSEL_ALBUM,https://scontent.cdninstagram.com/v/t51.29350-15/327460525_761083092015537_3369176945937658438_n.jpg?_nc_cat=110&ccb=1-7&_nc_sid=8ae9d6&_nc_ohc=v-RTYHgeHLsAX8KuoCw&_nc_ht=scontent.cdninstagram.com&edm=AL-3X8kEAAAA&oh=00_AfCTvcc5swfw469XTu_HWTen2N9SdBRhBEpLOgOMBoTBww&oe=64D5B94A,https://www.instagram.com/p/CoKVAfZLtxP/,2023-02-02T13:17:12+0000,jiseong
별로 안추운걸 ☆,82,17995969441654337,1955,FEED,CAROUSEL_ALBUM,https://scontent.cdninstagram.com/v/t51.29350-15/326937734_1125658782165019_5724527193038452871_n.jpg?_nc_cat=110&ccb=1-7&_nc_sid=8ae9d6&_nc_ohc=WK7A0UMG_ZYAX8P42eq&_nc_ht=scontent.cdninstagram.com&edm=AL-3X8kEAAAA&oh=00_AfAx3ZB1ZTZwsssCL61JoGaOvAWSSZSB0NgbJWtnfyv5MA&oe=64D73F29,https://www.instagram.com/p/Cn14nJ8rV8g/,2023-01-25T14:44:16+0000,jiseong
행복한 연휴되세요 🫶🏻 猫が世を救う 🐱,166,17963200031227956,5967,FEED,CAROUSEL_ALBUM,https://scontent.cdninstagram.com/v/t51.29350-15/327315239_3272728476335597_860419972291793816_n.jpg?_nc_cat=111&ccb=1-7&_nc_sid=8ae9d6&_nc_ohc=KPiZXXQkMWwAX9XAg8l&_nc_ht=scontent.cdninstagram.com&edm=AL-3X8kEAAAA&oh=00_AfBwvvdWDtG9z2-5NyZGrvEI3Yg4La8LQDYRD_MGTXeFwQ&oe=64D5BC93,https://www.instagram.com/p/CnwuLqgLr9T/,2023-01-23T14:36:56+0000,jiseong
카메라 구경중 📸,54,17980855240771515,1404,FEED,CAROUSEL_ALBUM,https://scontent.cdninstagram.com/v/t51.29350-15/326268020_734855811184742_126126128158537057_n.jpg?_nc_cat=102&ccb=1-7&_nc_sid=8ae9d6&_nc_ohc=NDw6qT1o3YUAX_x888I&_nc_ht=scontent.cdninstagram.com&edm=AL-3X8kEAAAA&oh=00_AfCPqGORRRPMltrI9-b-_T3YbX5mtR2LoeQrHovywrMjGw&oe=64D720E1,https://www.instagram.com/p/Cnmb3bfpiqM/,2023-01-19T14:44:29+0000,jiseong
"#광고 휠라의 타르가 신어봤습니다 :) #휠라타르가는 80년대 FILA의 헤리티지 테니스화 ‘TARGA’를 현대적으로 재해석한 제품이에요 🎾
👟 ‘타르가클럽LT’는 타르가 클럽과 같은 쉐입에 스웨이드 소재로 포인트를 더한 제품으로, 깔끔하고 고급스러운 느낌이 좋았습니다 ✨ 어떤 룩에도 무난하게 어울리는 데일리아이템으로 추천드려요 🫶🏻
.
.
 #휠라 #타르가클럽LT #남자신발 #커플신발 #남친룩 #운동화 #OOTD #데일리룩 #남자선물 #남자선물추천",99,17955985907169678,4095,FEED,CAROUSEL_ALBUM,https://scontent.cdninstagram.com/v/t51.29350-15/325854599_3405052553113047_2594435129262389806_n.jpg?_nc_cat=100&ccb=1-7&_nc_sid=8ae9d6&_nc_ohc=dYM1c1aLy1MAX9sTfQx&_nc_ht=scontent.cdninstagram.com&edm=AL-3X8kEAAAA&oh=00_AfCsx6U9Y0vB7efap8DlH5V06M8uY4knf5Z5qUPT4msmsA&oe=64D5DBDD,https://www.instagram.com/p/Cnb8nCRrkKK/,2023-01-15T12:58:57+0000,jiseong
이벤트로 받았는데 이제야 꺼내보는 이상해씨 🌳🌴🥦#푸켓몬,69,18000240760591929,1941,FEED,CAROUSEL_ALBUM,https://scontent.cdninstagram.com/v/t51.29350-15/324853278_1601608343632942_3478805717528058961_n.jpg?_nc_cat=103&ccb=1-7&_nc_sid=8ae9d6&_nc_ohc=6canR3eonSYAX9RHMvL&_nc_oc=AQm0_QwTcA6vyQVxS1bvN8Jn_9pEJPnNpoQFrNPWkDoT8sfiu3DmbPiZrYFUHExui2w&_nc_ht=scontent.cdninstagram.com&edm=AL-3X8kEAAAA&oh=00_AfC7mqivx8WmNWhuldpZhTptnJ7tOgUUL29mM0-4MGtbAA&oe=64D5B5D5,https://www.instagram.com/p/CnUfAcTJsV8/,2023-01-12T15:25:36+0000,jiseong
촌스러운거 좋아 🦆🧡💜,80,17896016504734751,1934,FEED,CAROUSEL_ALBUM,https://scontent.cdninstagram.com/v/t51.29350-15/323357862_472322675078553_7842127854990254389_n.jpg?_nc_cat=103&ccb=1-7&_nc_sid=8ae9d6&_nc_ohc=cZaOgdSk_b0AX9Jwd7u&_nc_ht=scontent.cdninstagram.com&edm=AL-3X8kEAAAA&oh=00_AfA7AjYpmP78U1jhztMiGK_b0lL5eQ4Eg1PNb8ddcf-Kog&oe=64D7929B,https://www.instagram.com/p/Cm8YJQlS6N7/,2023-01-03T06:43:51+0000,jiseong
"생일까진 못기다려요,,🔥🕯 아무튼 #happynewyear 
.
.
#Tflers #igers #l4l #f4f #followback #FBF #CTO #LB #FF #韓国好きな人と繋がりたい #いいね返しは絶対 #いいね #雰囲気 #雰囲気好きな人いいね #韓国すきな人と仲良くなりたい #フォロー返し #いいね返します#韓国人 #韓国 #해피뉴이어 #생일 #릴스초보 #릴스중독 #릴스추천 #생일릴스",312,17976537073918551,55376,REELS,VIDEO,https://scontent.cdninstagram.com/o1/v/t16/f1/m82/8C4B6302B28510B03A67FB8B42C44B85_video_dashinit.mp4?efg=eyJ2ZW5jb2RlX3RhZyI6InZ0c192b2RfdXJsZ2VuLjcyMC5jbGlwcyJ9&_nc_ht=scontent.cdninstagram.com&_nc_cat=107&vs=559202485757748_1725874096&_nc_vs=HBksFQIYT2lnX3hwdl9yZWVsc19wZXJtYW5lbnRfcHJvZC84QzRCNjMwMkIyODUxMEIwM0E2N0ZCOEI0MkM0NEI4NV92aWRlb19kYXNoaW5pdC5tcDQVAALIAQAVABgkR0wtcVN4T1lMNXVqR2J3QUFPd2NPOXFNQlpSRmJxX0VBQUFGFQICyAEAKAAYABsBiAd1c2Vfb2lsATEVAAAmwsXqypyx5z8VAigCQzMsF0AgmZmZmZmaGBJkYXNoX2Jhc2VsaW5lXzFfdjERAHUAAA%3D%3D&ccb=9-4&oh=00_AfBve7kUcmorNhJXRFDGderpoHxA_vs9CMMMhUdISPXjfA&oe=64D39860&_nc_sid=1d576d&_nc_rid=20e55ac4d8,https://www.instagram.com/reel/Cm4GVmPhkuL/,2023-01-01T14:53:11+0000,jiseong
"연말기념✨ 짜투리 모음집 🌟
🫶🏻 2023년에는 모두들 행복하세오 🫶🏻 
#happynewyear #해피뉴이어",92,18252993013133523,2673,FEED,CAROUSEL_ALBUM,https://scontent.cdninstagram.com/v/t51.29350-15/322678219_121555527280324_4190653018372697202_n.jpg?_nc_cat=107&ccb=1-7&_nc_sid=8ae9d6&_nc_ohc=eNIQNyh1hFYAX-ntcGK&_nc_oc=AQl6pti7I1bdhD6_79eQUV-zRa_jVGylgk0Wy0uBzPeFW640EOihmgRCxpc8sDNt1eA&_nc_ht=scontent.cdninstagram.com&edm=AL-3X8kEAAAA&oh=00_AfDdD-zxCfjtcJzA7HX0o7MUxjBiCxNakHJJ_9HH9dH7Gg&oe=64D76923,https://www.instagram.com/p/Cm1PzmELQAS/,2022-12-31T12:16:19+0000,jiseong
"혼자서도 잘놀아요 🐰📹
.
.
#Tflers #igers #l4l #f4f #followback #FBF #CTO #LB #FF #韓国好きな人と繋がりたい #いいね返しは絶対 #いいね #雰囲気 #雰囲気好きな人いいね #韓国すきな人と仲良くなりたい #フォロー返し #いいね返します#韓国人 #韓国 #디토 #ditto #뉴진스 #캠코더 #y2k",91,17857806164865693,4490,REELS,VIDEO,,https://www.instagram.com/reel/CmyVbM5h-9v/,2022-12-30T09:08:41+0000,jiseong
저세상 각도 🤳🏻,105,17898913520721300,5218,FEED,CAROUSEL_ALBUM,https://scontent.cdninstagram.com/v/t51.29350-15/322140839_201032325829745_6889675524331304977_n.jpg?_nc_cat=109&ccb=1-7&_nc_sid=8ae9d6&_nc_ohc=H5Dfp7G8hkoAX_22-qC&_nc_ht=scontent.cdninstagram.com&edm=AL-3X8kEAAAA&oh=00_AfBmivMnn9Oh8H5bKmANeGBxb2UmXSnI1vyRQqA8yP5ndg&oe=64D70BBA,https://www.instagram.com/p/CmtwpYarNto/,2022-12-28T14:29:21+0000,jiseong
"퍼갈 バr람 퍼ㄱr ㅋ
일촌☆신청은 Łйㄱr 알ㅇrnㅓ 받음 ㅋ",93,17982199855828531,2386,FEED,CAROUSEL_ALBUM,https://scontent.cdninstagram.com/v/t51.29350-15/321693814_3426566600960489_860647211493578521_n.jpg?_nc_cat=105&ccb=1-7&_nc_sid=8ae9d6&_nc_ohc=iNSWPQ33lqQAX9UDRTq&_nc_ht=scontent.cdninstagram.com&edm=AL-3X8kEAAAA&oh=00_AfCDTOIMfWRfY0SiU-vOf-iI8ucb93accgHYfEXWwObEeA&oe=64D72109,https://www.instagram.com/p/Cmojid-r_bj/,2022-12-26T13:58:37+0000,jiseong
"🎅🏻 💚 MerryChristmas 🎄✨
! 모두들 행복한 연말 보내요 :)
.
.
#Tflers #igers #FBF #CTO #LB #FF #크리스마스 #MerryChristmas #성탄절 #신세계백화점 #미디어파사드 #신세계명동 #신세계백화점명동",98,17956969436255468,3326,REELS,VIDEO,,https://www.instagram.com/reel/Cmjho2wBLr_/,2022-12-24T15:06:06+0000,jiseong
잡아먹기 실패 🥝😂😋,155,18166256545267681,20849,FEED,CAROUSEL_ALBUM,https://scontent.cdninstagram.com/v/t51.29350-15/320377744_833447024611459_2991302583011963165_n.jpg?_nc_cat=106&ccb=1-7&_nc_sid=8ae9d6&_nc_ohc=uWbo7EtWwF4AX-okTIn&_nc_ht=scontent.cdninstagram.com&edm=AL-3X8kEAAAA&oh=00_AfB4lMzOCZNCDsL-84m6GVkiG3wCyFsm4oG23jGYSuGX1A&oe=64D69BA5,https://www.instagram.com/p/CmT3J8oLYTs/,2022-12-18T13:05:58+0000,jiseong
감사합니다 아뮤터 🌈🫶🏻✨ I get No.73 #slowmotion #더뮤지엄비지터 #아식스 #아뮤터,39,18163671772262806,1646,REELS,VIDEO,https://scontent.cdninstagram.com/o1/v/t16/f1/m82/D4451C9A3F41982ECC5847926D0807B5_video_dashinit.mp4?efg=eyJ2ZW5jb2RlX3RhZyI6InZ0c192b2RfdXJsZ2VuLjcyMC5jbGlwcyJ9&_nc_ht=scontent.cdninstagram.com&_nc_cat=100&vs=520820606770653_2168496728&_nc_vs=HBksFQIYT2lnX3hwdl9yZWVsc19wZXJtYW5lbnRfcHJvZC9ENDQ1MUM5QTNGNDE5ODJFQ0M1ODQ3OTI2RDA4MDdCNV92aWRlb19kYXNoaW5pdC5tcDQVAALIAQAVABgkR0ZibV9SS0dTMUJzN1U4Q0FMOUxVV3BMZjVFWmJxX0VBQUFGFQICyAEAKAAYABsBiAd1c2Vfb2lsATEVAAAmtPbWk4fP2j8VAigCQzMsF0A%2BVT987ZFoGBJkYXNoX2Jhc2VsaW5lXzFfdjERAHUAAA%3D%3D&ccb=9-4&oh=00_AfBvhXpyWKTcgCbp_grO1TKCQT9rFyIeEK5cvnGztcs7oQ&oe=64D358D5&_nc_sid=1d576d&_nc_rid=b32c0b4b60,https://www.instagram.com/reel/ClykLZbgX-I/,2022-12-05T14:51:07+0000,jiseong
+하이바 장착+,146,17910657416598124,11570,FEED,CAROUSEL_ALBUM,https://scontent.cdninstagram.com/v/t51.29350-15/313889554_1850272455328416_3061832577976683629_n.jpg?_nc_cat=110&ccb=1-7&_nc_sid=8ae9d6&_nc_ohc=FA-_JPRLkbUAX_HkNKh&_nc_ht=scontent.cdninstagram.com&edm=AL-3X8kEAAAA&oh=00_AfCmmXVCQI4-z2mT5p-4yjjMvFwajcoA2AWYjdjLMHXYbA&oe=64D5D1F2,https://www.instagram.com/p/Clu2WDzSEt3/,2022-12-04T04:06:59+0000,jiseong
"#광고 uniqlokr 
🫶🏻 유니클로의 스테디셀러 ‘울트라 라이트 다운’ 입어봤습니다:) 
초경량 패딩으로 가벼워서 데일리로 편안하게 입기에 좋으면서도, 보온성도 좋아서 따뜻하고 포근했어요☺️ ! 
🫶🏻‘울트라 라이트 다운’은 제가 입은 제품외에도 다양한 디자인으로 출시되어서 그날그날 스타일에 맞게 입을 수 있는 데일리아이템으로 추천드려요 👕👚👖🧣
.
.
#유니클로 #UNIQLO #라이프웨어 #LiefWear #울트라라이트다운 #ULD #유니클로경량패딩 #경량패딩",67,17867739977772002,1944,FEED,CAROUSEL_ALBUM,https://scontent.cdninstagram.com/v/t51.29350-15/316272940_568064711996033_7428881812383278770_n.jpg?_nc_cat=107&ccb=1-7&_nc_sid=8ae9d6&_nc_ohc=KLnW3ElNLrkAX91sZNI&_nc_ht=scontent.cdninstagram.com&edm=AL-3X8kEAAAA&oh=00_AfA9FyrSjeCqmQgHThLuxb8r5qGhILIsqYaB1rYj86KHhg&oe=64D604B5,https://www.instagram.com/p/ClQbjBZSRtn/,2022-11-22T08:35:37+0000,jiseong
"3년만에 11 졸업했어요 ,, 드디어 나도 14pro 💜",93,17952165299482361,5624,FEED,CAROUSEL_ALBUM,https://scontent.cdninstagram.com/v/t51.29350-15/316348292_842348500248297_1082226900849521791_n.jpg?_nc_cat=105&ccb=1-7&_nc_sid=8ae9d6&_nc_ohc=OhMaKLR5HPcAX-hhc1q&_nc_ht=scontent.cdninstagram.com&edm=AL-3X8kEAAAA&oh=00_AfAgwIwBq4uoPu_AiiJl0M-U4Zn5KyZoYKfTmSBkqqySJQ&oe=64D64F6A,https://www.instagram.com/p/ClJYvrgLmOi/,2022-11-19T14:56:27+0000,jiseong
⭐️ 수 능 화 이 팅 ⭐️,103,18160490731269777,5385,FEED,CAROUSEL_ALBUM,https://scontent.cdninstagram.com/v/t51.29350-15/315605790_184277344180221_468200151279210456_n.jpg?_nc_cat=107&ccb=1-7&_nc_sid=8ae9d6&_nc_ohc=EG979ZD90fEAX9Uxj1F&_nc_ht=scontent.cdninstagram.com&edm=AL-3X8kEAAAA&oh=00_AfDWK3qHf0fn_L7jXHctXlvi-tbUbYcSMaoxUyzUlKr74A&oe=64D5C67B,https://www.instagram.com/p/ClBxDOQy21x/,2022-11-16T15:54:54+0000,jiseong
"#광고
🥛 뉴발란스의 '뉴제로 숏다운' 입어봤습니다 :) 이번 제품은 연유같은 씨솔트 컬러의 아우터로, 가벼우면서도 보온성이 뛰어나서 완전 따뜻했어요 🥰🤍
👬 ☃️ 후드와 아웃포켓의 포인트까지 있어서 깔끔하고 미니멀한 코디에 함께 매치하기 좋은 패딩으로 추천드려요 ! ☁️
.
. 
#뉴발란스 #뉴발란스다운 #뉴발란스뉴제로 #뉴제로다운 #씨솔트 #연유 #뉴발란스숏패딩 #패딩 #숏패딩추천 #숏패딩코디 #겨울코디",101,17943467966238653,2582,FEED,CAROUSEL_ALBUM,https://scontent.cdninstagram.com/v/t51.29350-15/312740350_862763428191865_4007113704842888070_n.jpg?_nc_cat=106&ccb=1-7&_nc_sid=8ae9d6&_nc_ohc=IMuesJhqwAoAX8k8MTa&_nc_ht=scontent.cdninstagram.com&edm=AL-3X8kEAAAA&oh=00_AfBqwSF0wqGDTGEtIIgF-s9iPdnzRoMGQxWbwzu9-vqVNA&oe=64D73784,https://www.instagram.com/p/CkSDctlS_sJ/,2022-10-29T03:12:07+0000,jiseong
거지존 못참고 이발해벌임 ✂️,55,18191868859172648,2877,FEED,CAROUSEL_ALBUM,https://scontent.cdninstagram.com/v/t51.29350-15/307655517_134557785746975_3832703046118709126_n.jpg?_nc_cat=105&ccb=1-7&_nc_sid=8ae9d6&_nc_ohc=2jdpXNTVGIEAX-rtJxt&_nc_ht=scontent.cdninstagram.com&edm=AL-3X8kEAAAA&oh=00_AfCuGiW21-6ktgVIMAipGrLOvsaW6kdy57Sl04dZYbeREA&oe=64D66FAB,https://www.instagram.com/p/CinM380h_C3/,2022-09-17T15:15:45+0000,jiseong
"👨🏻‍🎓 저 드디어 졸업했어오 
제대하고 새 학교에 다시 입학하게 되면서 걱정이 많았는데 좋은 친구들 덕분에 즐겁게 학교 생활 했습니다 :) ❤️‍🔥 무엇보다 무사히 졸업할 수 있게 도와준 호철이랑 h0._.zzi 원영이형 circle___0 고마워요 🥹💙
다들 행복하자구 ~*^ ❤️‍🔥",125,18024575446406302,2681,FEED,CAROUSEL_ALBUM,https://scontent.cdninstagram.com/v/t51.29350-15/301130573_593195618897738_1732463910464077385_n.jpg?_nc_cat=107&ccb=1-7&_nc_sid=8ae9d6&_nc_ohc=_K_TeEvxWdwAX_98rqE&_nc_ht=scontent.cdninstagram.com&edm=AL-3X8kEAAAA&oh=00_AfBMdGaiGXlIs32GHaUmPeh0BsK5cCGxba03Ij7jaPp0PQ&oe=64D65EF9,https://www.instagram.com/p/ChtzbuIB34E/,2022-08-26T08:16:44+0000,jiseong
"#광고 apc_paris 
☕️ CAFÉ A.P.C. 1주년 기념으로 선보이는 특별한 굿즈와 함께 즐기는 홈카페 🍪🏠

🌿 아페세만의 감성이 담긴 홈카페 컨셉의 이번 아이템은 A.P.C. 에서 추구하는 친환경 기조에 따라 리사이클링백 사용 등 지속 가능성을 고려한 제품이어서 더욱 좋았습니다 :)✨
.
.
#cafeAPC #APC #아페쎄 #카페아페쎄 #아페쎄굿즈 #카페아페쎄1주년 #온더테이블 #홈카페 #홈쿠킹 #홈카페소품 #리사이클링",49,18178377682232715,1301,FEED,CAROUSEL_ALBUM,https://scontent.cdninstagram.com/v/t51.29350-15/299774109_601777414815291_2507912087895153424_n.jpg?_nc_cat=101&ccb=1-7&_nc_sid=8ae9d6&_nc_ohc=SSQ7C86k92gAX_7gBFc&_nc_ht=scontent.cdninstagram.com&edm=AL-3X8kEAAAA&oh=00_AfCS5e78QLBRQ0NqqhZfX_hsLaSBpJh1kqwTgZ_2ugBtag&oe=64D59A44,https://www.instagram.com/p/ChbO2QJr2B6/,2022-08-19T03:10:43+0000,jiseong
🌻 지쳐버린 뚜벅이 🌻,62,17866494131759299,1647,FEED,CAROUSEL_ALBUM,https://scontent.cdninstagram.com/v/t51.29350-15/297538876_369583172001416_1831901507285557189_n.jpg?_nc_cat=104&ccb=1-7&_nc_sid=8ae9d6&_nc_ohc=qU8hFrjPF8kAX_iy0L5&_nc_ht=scontent.cdninstagram.com&edm=AL-3X8kEAAAA&oh=00_AfCjv-c1vMBSbZ7wkXYRlOYFzJaKL9YGHP4a07kjQcfl3Q&oe=64D6CF45,https://www.instagram.com/p/Cg9W7aOhRTQ/,2022-08-07T12:44:06+0000,jiseong
"플래시 📸 ( 뭐 했다고 8월이죠 ,,🥹) 
#배드인배드 #badinbad",69,17961442849884451,1462,FEED,CAROUSEL_ALBUM,https://scontent.cdninstagram.com/v/t51.29350-15/296953230_1072682423361284_3985035304086771320_n.jpg?_nc_cat=111&ccb=1-7&_nc_sid=8ae9d6&_nc_ohc=ml6HNhnSj-cAX-CD1up&_nc_ht=scontent.cdninstagram.com&edm=AL-3X8kEAAAA&oh=00_AfAO-MKLcbwNWo0bnbpDowOexxwn41r_7oiJAKHLM03x4Q&oe=64D62717,https://www.instagram.com/p/CgtgrSJLFSY/,2022-08-01T09:01:26+0000,jiseong
비 멈춰 ✋🏻🥹,39,17961201166813568,889,FEED,IMAGE,https://scontent.cdninstagram.com/v/t51.29350-15/290782079_176152598155080_469208204896734828_n.jpg?_nc_cat=100&ccb=1-7&_nc_sid=8ae9d6&_nc_ohc=ruNXRawAnQMAX-VRuQU&_nc_ht=scontent.cdninstagram.com&edm=AL-3X8kEAAAA&oh=00_AfBmirrdxsHLRe8rzyg5ckl-2Wv9hzc3lJzZyKwc3XP3zA&oe=64D683D7,https://www.instagram.com/p/CfboZcGBfu8/,2022-06-30T13:51:11+0000,jiseong
"#광고
🥊 UFC의 스포츠 정신을 담은 ufcsport_korea 의 ‘UFC 심볼 그래픽 티셔츠’ 입어봤습니다 :) 

🌿 코튼 소재의 릴렉스핏으로 더운 여름에도 아웃도어 활동에서 입기 좋았어요 🏃🏻🏃🏻‍♀️ 
티셔츠 뒷면에는 포인트를 주는 아트웍이 이쁜 제품이었습니다 💝 
++ 함께 매치한 빅로고 볼캡은 완전 짱짱하게 핏이 잡혀있어서  어떤 두상에도 잘어울릴거같아요 😇🥳
.
.
 #UFC #UFCSPORT #UFC스포츠 #UFC옷 #UFC반팔티셔츠 #UFC티셔츠 #UFC무신사 #반팔티셔츠 #반팔티브랜드",90,18236584897138648,2132,FEED,CAROUSEL_ALBUM,https://scontent.cdninstagram.com/v/t51.29350-15/289532730_5284243981657496_5395002198582045037_n.jpg?_nc_cat=109&ccb=1-7&_nc_sid=8ae9d6&_nc_ohc=dXUNPhD_-RYAX8yabGj&_nc_ht=scontent.cdninstagram.com&edm=AL-3X8kEAAAA&oh=00_AfDDQvV3LNCHvYyPrlHUFRR1z_w98dzOaVbioRXGYlybSg&oe=64D6B7BE,https://www.instagram.com/p/CfI6F5nLJIs/,2022-06-23T07:20:14+0000,jiseong
nike x stussy 🎱❤️‍🔥,77,17943768826915218,1616,FEED,CAROUSEL_ALBUM,https://scontent.cdninstagram.com/v/t51.29350-15/286643781_778934106431891_2512453799129763942_n.jpg?_nc_cat=103&ccb=1-7&_nc_sid=8ae9d6&_nc_ohc=0uZqyJlkilkAX-e0TpF&_nc_ht=scontent.cdninstagram.com&edm=AL-3X8kEAAAA&oh=00_AfCwiDLW9lNVelCsi90X9FSC4YUjp15v4_QaBbHROKCYzg&oe=64D659E6,https://www.instagram.com/p/CelcW7uhSCu/,2022-06-09T12:47:00+0000,jiseong
깨꿍,52,17924075717206351,1492,FEED,CAROUSEL_ALBUM,https://scontent.cdninstagram.com/v/t51.29350-15/280731129_1006295676944592_7155898413571832636_n.jpg?_nc_cat=103&ccb=1-7&_nc_sid=8ae9d6&_nc_ohc=eUHGOu70cdAAX-qOR3B&_nc_ht=scontent.cdninstagram.com&edm=AL-3X8kEAAAA&oh=00_AfBbHgtKxKrZG-u7RDOjkGLfon8HNxRLCdA4WFoS59Nplg&oe=64D5BD04,https://www.instagram.com/p/CdlNzCbrWx6/,2022-05-15T14:08:22+0000,jiseong
"#협찬 patagoniakorea 
🏖파타고니아의 넷플러스 배기스 입어봤어요 :) 가볍고 잘 마르는 리사이클 원단 사용으로 아웃도어 활동부터 일상까지 다양하게 활용하기 좋았습니당🏃🏻🚴🏻💚

🌿 폐그물로 만든 재생소재 '넷플러스(Netplus)'는 100% 포스트컨슈머 리사이클 나일론 소재를 사용하여 바다의 플라스틱 오염을 줄이는 것에 기여하고 있습니다 👏🏻
⛴ 또한 이번 배기스는 공정무역 봉제 제품입니다 👏🏻

#파타고니아 #배기스 #넷플러스배기스 #Patagonia #baggies",73,17953064161831736,1744,FEED,CAROUSEL_ALBUM,https://scontent.cdninstagram.com/v/t51.29350-15/280646787_183936127298840_2001952148510385116_n.jpg?_nc_cat=100&ccb=1-7&_nc_sid=8ae9d6&_nc_ohc=3Yb6ortEo7YAX_TIQoQ&_nc_ht=scontent.cdninstagram.com&edm=AL-3X8kEAAAA&oh=00_AfCTe5yRTGsmA_Ehuqvj04lG8G2NosNavTq1mjT_E0amQQ&oe=64D631DE,https://www.instagram.com/p/CddnYZuhXbG/,2022-05-12T15:18:00+0000,jiseong
"🖤👁‍🗨📸
#darkr8m #다크룸 #시몬스그로서리스토어",38,17959050121689989,1566,FEED,IMAGE,https://scontent.cdninstagram.com/v/t51.29350-15/279874743_2140087426145336_5757737133630658791_n.jpg?_nc_cat=104&ccb=1-7&_nc_sid=8ae9d6&_nc_ohc=HpUckPWRD8MAX9d2luC&_nc_ht=scontent.cdninstagram.com&edm=AL-3X8kEAAAA&oh=00_AfC5Zo6S8kXC0wvU46rSpJ7u9yDKAk9pW5Qghozx5fcW_g&oe=64D637CA,https://www.instagram.com/p/CdJCFdzByzz/,2022-05-04T15:27:17+0000,jiseong
"#광고 
캘빈클라인 🖤
.
.
#캘빈클라인 #mycalvins #calvinklein #캘빈클라인진 #캘빈클라인퍼포먼스 #pride #캘빈클라인티셔츠 #ma1",88,17954859970703343,2341,FEED,CAROUSEL_ALBUM,https://scontent.cdninstagram.com/v/t51.29350-15/277773524_3248614498705876_8647548217773156999_n.jpg?_nc_cat=108&ccb=1-7&_nc_sid=8ae9d6&_nc_ohc=-_EWQCrJI3AAX8rXBQB&_nc_ht=scontent.cdninstagram.com&edm=AL-3X8kEAAAA&oh=00_AfCSvv7GvgE_wbPb-b9oYfBKbRq2hpvYHuHgCB1EvqwXfw&oe=64D6C997,https://www.instagram.com/p/Cb5HmbKLOp3/,2022-04-03T14:36:14+0000,jiseong
"#유료광고 shiseido 
☀️ 시세이도만의 기술력이 적용된 #스마트자차 는 강력한 자외선차단과 함께 안티에이징, 수분광채, 피부 결 케어의 효과까지 있는 완벽한 제품이에요 :)

직접 사용해보니 백탁현상없이 촉촉하고 부드럽게 스며들어서 완전 좋았습니다 🥰💚 
.
.
#시세이도 #shiseido #스마트자차 #생기빛로션 #어반인바이런먼트트리플뷰티선케어에멀젼 #선크림추천 #선로션추천",56,17936737469055716,1969,FEED,CAROUSEL_ALBUM,https://scontent.cdninstagram.com/v/t51.29350-15/277598555_950929865586588_2607131556613597329_n.jpg?_nc_cat=107&ccb=1-7&_nc_sid=8ae9d6&_nc_ohc=ZyEbj4l4ipEAX-doqGz&_nc_ht=scontent.cdninstagram.com&edm=AL-3X8kEAAAA&oh=00_AfCCbeKA-ASd_SlMOzYKQc5kYEghlnRoyIiyj55lq_s8rg&oe=64D65B3C,https://www.instagram.com/p/CbwHucshJfz/,2022-03-31T02:44:10+0000,jiseong
"#유료광고
🌿 자연의 색감을 테마로한 스와치의 '컬러스 오브 네이처'를 착용해보았습니다 :)

제가 착용한 제품은 숲을 테마로한 제품으로, 스와치만의 혁신적인 신소재 '바이오세라믹'을 적용하였다고 합니다 🌳⌚️

가볍고 부드러운 착용감과 파스텔톤의 컬러로, 데일리룩에 포인트아이템으로 정말 좋았어요 💚👍🏻

✔︎ ’컬러스 오브 네이처’는 전국 스와치 매장과 온라인몰에 만나보실 수 있습니다🏃🏻🛍
.
. 
#스와치 #스와치시계 #swatch #컬러스오브네이처 #빅볼드바이오세라믹 #커플시계 #남자시계 #여자시계 #패션시계 #시계추천 #시계선물 #데일리룩 #데일리시계",98,17910433460506274,2497,FEED,CAROUSEL_ALBUM,https://scontent.cdninstagram.com/v/t51.29350-15/273402205_246336007665847_6468671799308576659_n.jpg?_nc_cat=109&ccb=1-7&_nc_sid=8ae9d6&_nc_ohc=a3-ew3V725MAX_LBZDg&_nc_ht=scontent.cdninstagram.com&edm=AL-3X8kEAAAA&oh=00_AfA03CIgQWZkh6UxMrJi5LcDHhF9KKUnwFSgX5DuZKziCQ&oe=64D75D4D,https://www.instagram.com/p/CZs2mB8hgKm/,2022-02-08T03:13:57+0000,jiseong
"#광고
🌿 스트링만 당기면 외출준비 완료 ! 로우로우의 스트링 시리즈 백팩은 가볍고 단단한 나일론 소재로 수납공간도 넉넉해서 야외활동 어디든 활용하기 좋았어요 :) ✈️🏔⛺️

✔︎ 로우로우 공식 사이트에서 10%쿠폰 할인 프로모션도 진행하고 있다고합니다, 로로토크 2월호를 확인해주세요 🏃🏻🖤
.
.
#로우로우 #스트링백팩 #트립웨어 #RAWROW #백팩추천",88,17876798348589132,2169,FEED,CAROUSEL_ALBUM,https://scontent.cdninstagram.com/v/t51.29350-15/273148876_269125998525278_7984392991010687244_n.jpg?_nc_cat=110&ccb=1-7&_nc_sid=8ae9d6&_nc_ohc=CLe0v6bZ2hsAX9z5s7X&_nc_ht=scontent.cdninstagram.com&edm=AL-3X8kEAAAA&oh=00_AfBPB_Z4WnSLUpKlOdq3V9dqIxeejSYKsxfspFYP9R4hYA&oe=64D7189C,https://www.instagram.com/p/CZiqLalBr9y/,2022-02-04T04:13:04+0000,jiseong
"#광고 홍대 와이즈파크에서 열린 <The Color Spot : 꿈 속의 자연> 전시회에 다녀왔습니다 ✨🏃🏻

🌿 꿈 속의 자연에서 꿈을 찾아가는 과정을 담은 이번 전시는 국내 미디어아트 작가와 일러스트 작가 10여명이 참여하는 인터액티브 미디어아트 전시입니다:) 🕶🏎

특히 AR, VR 등 미디어 영상기술들을 활용한 작품들은 시각적 체험뿐만 아니라 직접 참여하며 체험할 수 있어서 좋았습니다 🥰🖤

이번 전시는 300평 이상의 크기와 5m높이의 전시공간에서 이루어지는 대규모 전시로 다양한 작품을 쾌적한 환경에서 관람할 수 있고, ‘루아르 커피바’와 ‘포토이즘’ 등 다양한 즐길거리도 함께 마련되어 있어서 최근에 가보았던 전시회들중에 제일 좋았어요 😆✨ 
색다른 데이트코스나 전시회를 찾고 계신 분들이라면 꼭 추천드립니다 👍🏻👏🏻

✔︎ 장소: 서울 마포구 양화로 176 와이즈파크 빌딩 B2
✔︎ 시간: 11:00~21:00 / 입장 마감 20:00
.
.
#thecolorspot #꿈속의자연 #더컬러스팟 #미디어아트 #전시회 #홍대핫플",80,17926010162045014,1965,FEED,CAROUSEL_ALBUM,https://scontent.cdninstagram.com/v/t51.29350-15/271608910_141835238246812_1039076546798917980_n.jpg?_nc_cat=103&ccb=1-7&_nc_sid=8ae9d6&_nc_ohc=7_ieSyIzqjsAX-PssGA&_nc_ht=scontent.cdninstagram.com&edm=AL-3X8kEAAAA&oh=00_AfBtFmt6nnZk2Sfzl605oFsxlu5Fj97W8Jef2Hv4Jkuhzg&oe=64D5A277,https://www.instagram.com/p/CYoMxt4hej_/,2022-01-12T11:20:12+0000,jiseong
"#광고 게스에서 그동안 가장 많은 사랑을 받았던 아이템을 선정해 재출시하는 리메이크 프로젝트를 진행 중이라고 합니다 :)✨

첫 번째 리메이크 상품은 후드 티셔츠와 스웻셔츠로, 게스의 로고가 포인트가 되는 제품이에요 😇🖤

✔ 게스의 리메이크 아이템들은 공식 온라인몰과 전국 게스 매장에서 만나볼 수 있습니다 🏃🏻💪🏻
.
.
#게스 #GUESS #리메이크프로젝트 #게스맨투맨 #수지맨투맨 #맨투맨추천",84,17996777554397123,2533,FEED,CAROUSEL_ALBUM,https://scontent.cdninstagram.com/v/t51.29350-15/271424933_736512073974646_8390869848784637839_n.jpg?_nc_cat=110&ccb=1-7&_nc_sid=8ae9d6&_nc_ohc=W9yQ0NYtoi0AX_saAmH&_nc_ht=scontent.cdninstagram.com&edm=AL-3X8kEAAAA&oh=00_AfAvHNgI83UqECMskaCVC2ilZ6xC14OeN_jzjvgg3ZJrqQ&oe=64D5B13F,https://www.instagram.com/p/CYVh0mRLukR/,2022-01-05T05:18:31+0000,jiseong
#happynewyear 월요팅,89,17898706427515996,2552,FEED,CAROUSEL_ALBUM,https://scontent.cdninstagram.com/v/t51.29350-15/271241633_1168558750548320_1337721344650305361_n.jpg?_nc_cat=110&ccb=1-7&_nc_sid=8ae9d6&_nc_ohc=5tP4TEWjGQIAX_JtdAS&_nc_ht=scontent.cdninstagram.com&edm=AL-3X8kEAAAA&oh=00_AfDgTHfIfaoXVxHJZQWwJAad6kE1s9oXA_FYwORK3Bpx8A&oe=64D64AB3,https://www.instagram.com/p/CYPy4NLBfic/,2022-01-02T23:52:07+0000,jiseong
"#광고
요즘 핫한 소니에서 신제품 ‘WF-C500’이 출시되었다고 합니다 ✨👏🏻 소니만의 오디오 기술력으로 구현된 이번 제품은 풍부한 사운드와 편안한 착용감이 좋았습니다 😇🎧

일상에서 블루투스 이어폰을 자주 사용하는데 소니로 바꾼 후 삶의 질이 향상됐어요 ^_^💪🏻

제가 착용한 화이트 컬러 외에도 4가지의 유니크한 컬러들로 구성되어 있으니, 블루투스 이어폰 찾으시는 분들이라면 둘러보시길 추천드립니다 ! 
.
.
#소니 #WFC500 #블루투스이어폰 #무선이어폰
#DSEE업스케일링 #360REALITY #SONY #소니이어폰 #무선이어폰",63,17893029809524224,2180,FEED,CAROUSEL_ALBUM,https://scontent.cdninstagram.com/v/t51.29350-15/270284428_4964120010274239_8961214865173363358_n.jpg?_nc_cat=101&ccb=1-7&_nc_sid=8ae9d6&_nc_ohc=ZgjXg5BWwT8AX8kX7hZ&_nc_ht=scontent.cdninstagram.com&edm=AL-3X8kEAAAA&oh=00_AfA7Wowk88xtwe_f9pM7uL8WyoY0vC29O8Tpl86g3nWTQQ&oe=64D7028C,https://www.instagram.com/p/CYEcQl9ByHu/,2021-12-29T14:02:49+0000,jiseong
미리메리크리스마스 💚🎄,74,17955560794560812,1646,FEED,CAROUSEL_ALBUM,https://scontent.cdninstagram.com/v/t51.29350-15/269624944_123298073509292_6129352214684828423_n.jpg?_nc_cat=102&ccb=1-7&_nc_sid=8ae9d6&_nc_ohc=BsdyPbnOjCUAX-OPZx7&_nc_ht=scontent.cdninstagram.com&edm=AL-3X8kEAAAA&oh=00_AfDUhyyj5Qtt-exrWGMgjI9zmrRqanqUQ8JC8HiCKmFIUg&oe=64D6728A,https://www.instagram.com/p/CX06_cqBC2S/,2021-12-23T13:23:31+0000,jiseong
종강한 사람? 나야 나 >_*,37,18000529951377585,1143,FEED,IMAGE,https://scontent.cdninstagram.com/v/t51.29350-15/265075528_290034546392105_3517696579084483408_n.jpg?_nc_cat=111&ccb=1-7&_nc_sid=8ae9d6&_nc_ohc=WSNTFoWIAnUAX9NxVkT&_nc_ht=scontent.cdninstagram.com&edm=AL-3X8kEAAAA&oh=00_AfB1Z2iMzr6xHHCemTzfXyg3aulAgPoLob_7OZyTm8wWew&oe=64D73B29,https://www.instagram.com/p/CXTEkOlB2ec/,2021-12-10T09:53:00+0000,jiseong
"Lucky day🖤🤍
#kwondo1 #퀀도1",89,17972211625463780,6085,FEED,CAROUSEL_ALBUM,https://scontent.cdninstagram.com/v/t51.29350-15/262010506_5054687941227031_5796607034047257342_n.jpg?_nc_cat=109&ccb=1-7&_nc_sid=8ae9d6&_nc_ohc=QzINPcXnYrgAX8_J9FY&_nc_ht=scontent.cdninstagram.com&edm=AL-3X8kEAAAA&oh=00_AfCp308I8Pv0tFE324JFrNvKN6PTwkASeAlriaN-qQeRpQ&oe=64D730B4,https://www.instagram.com/p/CW7yDspBGir/,2021-12-01T08:48:45+0000,jiseong
"얼죽코는 고개를 들어주세오 🕵🏻‍♂️☃️
.
.
#제품제공 #파렌하이트 #더블코트 #남자코트 #겨울코디 #남성브랜드 #남자아우터 #fahrenheit",95,17891835545391770,3705,FEED,CAROUSEL_ALBUM,https://scontent.cdninstagram.com/v/t51.29350-15/260144115_138343951883537_3035153887428674455_n.jpg?_nc_cat=103&ccb=1-7&_nc_sid=8ae9d6&_nc_ohc=g5HCmombeDIAX-1jlfP&_nc_ht=scontent.cdninstagram.com&edm=AL-3X8kEAAAA&oh=00_AfDC8b2R6F8JyjiSLTC8ouD2HSiYWIvyfXsKCC9KGETmuA&oe=64D754C1,https://www.instagram.com/p/CWs-4s1B-Ho/,2021-11-25T14:52:14+0000,jiseong
"cp컴퍼니의 다운 아노락🖤
사이드의 지퍼와 아이코닉한 렌즈 슬리브 포켓 등 곳곳에 디테일이 넘우 좋았어요 😎😇
.
.
#ad #COEVO #CPCOMPANY #DDSHELL #DOWN #ANORAK #JACKET #코에보 #CP컴퍼니 #다운 #후드 #아노락 #렌즈",90,17922266104971155,3154,FEED,CAROUSEL_ALBUM,https://scontent.cdninstagram.com/v/t51.29350-15/256008244_675703476744238_7282595898155380319_n.jpg?_nc_cat=111&ccb=1-7&_nc_sid=8ae9d6&_nc_ohc=t4YQvX8QF38AX9yfYCa&_nc_ht=scontent.cdninstagram.com&edm=AL-3X8kEAAAA&oh=00_AfBEjCxt5LT67fQuLjk0Q32btSZlWow2xzHUaVRzLcvn6A&oe=64D663FE,https://www.instagram.com/p/CWQbly3hudI/,2021-11-14T12:45:05+0000,jiseong
"#광고
바로 내일(11/12) 런칭되는 세계적인 디자이너 질 샌더와 유니클로의 콜라보 +J 컬렉션 프리뷰 행사에 초대되어 다녀왔습니다 :)

+J 컬렉션은 디자이너 질 샌더 특유의 모던함과 세련된 스타일이 더해져 너무 이뻤습니다 ✨⛄️
이번 시즌은 특히 +J 컬렉션 ‘2막’의 대미를 장식할 특별한 컬렉션 이라고 하니 가까운 유니클로 매장에서 꼭 만나보세요 ! 🖤🏃🏻
#UniqloPlusJ #lifewear",65,17923490500855907,2864,FEED,CAROUSEL_ALBUM,https://scontent.cdninstagram.com/v/t51.29350-15/255003972_1564820853861647_3533519989491039767_n.jpg?_nc_cat=103&ccb=1-7&_nc_sid=8ae9d6&_nc_ohc=0rLpNO1VHSkAX8p7wYS&_nc_ht=scontent.cdninstagram.com&edm=AL-3X8kEAAAA&oh=00_AfDl_FnAirOpdWh7iTUzyPMGi2Wk5C-NKuXGV4repkE-ow&oe=64D669BC,https://www.instagram.com/p/CWIznNqhyLL/,2021-11-11T13:41:04+0000,jiseong
"템버린즈 코쿤 컬렉션 두장 요약 🖤❤️
#탬버린즈 #탬버린즈핸드크림 #tamburins",60,18034905676309667,1622,FEED,CAROUSEL_ALBUM,https://scontent.cdninstagram.com/v/t51.29350-15/254438183_1469413166776117_1768093226475566631_n.jpg?_nc_cat=100&ccb=1-7&_nc_sid=8ae9d6&_nc_ohc=wT51d8mKw6IAX8Xe9cK&_nc_ht=scontent.cdninstagram.com&edm=AL-3X8kEAAAA&oh=00_AfA5FBXLGO1xhIRNNSRgxc-L8QVmUviMJPVatmZiBxV6CQ&oe=64D6B144,https://www.instagram.com/p/CWFi3USBSVO/,2021-11-10T07:17:00+0000,jiseong
"⭐️
#협찬 #etce #이티씨이",72,17898372821265595,2161,FEED,CAROUSEL_ALBUM,https://scontent.cdninstagram.com/v/t51.29350-15/249256643_697581671216455_6719692911014450230_n.jpg?_nc_cat=102&ccb=1-7&_nc_sid=8ae9d6&_nc_ohc=SYYPo2oeVaUAX9Gvmbg&_nc_ht=scontent.cdninstagram.com&edm=AL-3X8kEAAAA&oh=00_AfD0Eafh-Xw4o_Zuk8b2MPNQ2KRtg6ljymBIanpE3SCdwQ&oe=64D6E965,https://www.instagram.com/p/CVngwd9BWZA/,2021-10-29T15:21:22+0000,jiseong
"#광고
게스X엘리오티 ❤️ 
게스와 엘리오티 두 브랜드의 콜라보 제품으로 유니크한 로고와 이쁘게 떨어지는 오버핏까지 ,,지금 날씨부터 겨울까지 애용할 것 같아요 ☺️💓

제가 착용한 하프집업 외에도 맨투맨, 후드티 등 다양한 콜라보 제품들이 있으니 한번 꼭 둘러보세요 ! 추천 꾹 ✨👍🏻
.
.
#게스x엘리오티 #게스 #엘리오티 #후드티 #후드티추천 #맨투맨 #맨투맨추천",83,17904226199260739,2293,FEED,CAROUSEL_ALBUM,https://scontent.cdninstagram.com/v/t51.29350-15/248920874_253430700062078_7832507930317491251_n.jpg?_nc_cat=102&ccb=1-7&_nc_sid=8ae9d6&_nc_ohc=2DxIsXxPBUQAX8wSzm_&_nc_ht=scontent.cdninstagram.com&edm=AL-3X8kEAAAA&oh=00_AfBrEIYpCEBeOtYztWXvNlVqIQ79Wf83WfZPmwurtfUxzw&oe=64D5CBB5,https://www.instagram.com/p/CVidoIQBJfp/,2021-10-27T16:17:49+0000,jiseong
"Blue 😇💙
(사진에 다 안담기는 색감 보여주고 싶다ㅏㅏㅠ^✨ 
다양한 컬러감의 패딩을 찾으신다면 hanstyle_com 에서 (ง'̀-'́)ง
#한스타일 #msgm #협찬",99,17914173352984568,2545,FEED,CAROUSEL_ALBUM,https://scontent.cdninstagram.com/v/t51.29350-15/248084254_268704515170264_3263392789314372625_n.jpg?_nc_cat=103&ccb=1-7&_nc_sid=8ae9d6&_nc_ohc=_05zyoJp8FMAX-jaC7X&_nc_oc=AQk-7PjidBFU8kqMiEXIspkZAtyT7_m4RN67Ka5KR_u2tMEMCh2bFHSogzTXxrZDU08&_nc_ht=scontent.cdninstagram.com&edm=AL-3X8kEAAAA&oh=00_AfChNJBIGhTjZrIs2VNjcD24BZvIsYpSXsF6PiALdgoIMg&oe=64D66516,https://www.instagram.com/p/CVakJuNF4wK/,2021-10-24T14:40:54+0000,jiseong
"#광고 
코로나로 야외에서 피크닉 즐기기가 어려운 요즘 아웃백 딜러버리를 통해서 홈피크닉 즐겨보았습니다 :) 🥰
(++딜리버리 서비스를 이용하면 아웃백 한정 굿즈인 피크닉 매트도 받아보실 수 있어요 😇 )

너무나 유명한 투움바파스타외에도 그릴드 씨푸드 샐러드, 스테이크 앤 쉬림프 콤보 등 오직 딜리버리에서만 만나볼 수 있는 전용메뉴들까지 ..!
아웃백 딜리버리 덕분에 홈크닉 분위기 제대로 즐기구 왔습니다 😆❤️
(저는 메뉴선택이 고민되어서 베스트 메뉴들을 한번에 즐길 수 있는 디럭스 세트로 주문했습니다 ✨💝)

✔︎ 아웃백 딜리버리 서비스는 배달의민족, 쿠팡이츠 등 배달앱을 통해 이용할 수 있습니다. 또한 ‘카카오톡 선물하기’를 통해서 딜리버리 전용 기프티콘도 만나보실 수 있어요 🎁❤️
.
.
#아웃백 #아웃백스테이크하우스 #아웃백딜리버리 #norulesjustright #딜리버리 #아웃백배달 #배달음식 #홈스토랑 #홈레스토랑 #홈피크닉 #홈캠핑 #카카오톡선물하기",107,17939714134599462,3620,FEED,CAROUSEL_ALBUM,https://scontent.cdninstagram.com/v/t51.29350-15/246482630_345619537358845_3951323686131946053_n.jpg?_nc_cat=103&ccb=1-7&_nc_sid=8ae9d6&_nc_ohc=is5mUUTydrMAX_VWyNr&_nc_ht=scontent.cdninstagram.com&edm=AL-3X8kEAAAA&oh=00_AfCzumsF9ss1qq0aOyRQwihUSiCV0FgK4xTknhdC-QGiQQ&oe=64D6C9B4,https://www.instagram.com/p/CVQPDaKB-mZ/,2021-10-20T14:24:08+0000,jiseong
"#광고 
요즘 뜨는 핫플 ! 용리단길 ‘버거보이’에서 코닥 어패럴 팝업스토어가 오픈해서 다녀왔습니다:)🍔🏃🏻

이번 팝업스토어에서는 21FW 제품들과 함께 무료료 이용할 수 있는 포토부스 '코닥네컷'까지 준비되어 있으니 한번 꼭 들려보세요 ! 📸🎞🤳
또한 팝업 기간동안만 판매하는 '코닥 밀'도 추천드립니다 ,,꾹 👍🏻(완전 맛있었어요😋)

✔︎ 팝업스토어는 10/29(금)까지 
서울 용산구 한강대로15길 29 (버거보이 신용산점) 에서 운영된다고 합니다 :)💙❤️
.
.
#코닥어패럴 #버거보이 #코닥X버거보이 #팝업스토어 #서울핫플레이스",118,17888884265369475,3513,FEED,CAROUSEL_ALBUM,https://scontent.cdninstagram.com/v/t51.29350-15/245368279_801441420572738_8146327124070076382_n.jpg?_nc_cat=108&ccb=1-7&_nc_sid=8ae9d6&_nc_ohc=qy1_p_rvXVQAX-r5tsh&_nc_ht=scontent.cdninstagram.com&edm=AL-3X8kEAAAA&oh=00_AfCFuUjpLVFBHM8ZFTqW5euEcHMxd6jrKHjqcVVQslzIEA&oe=64D6D4C4,https://www.instagram.com/p/CVAueNKhg4M/,2021-10-14T13:50:49+0000,jiseong
"#협찬
부드럽고 포근한 소재로 착용감이 좋은 엄브로 헤로파플리스 🐑🖤
.
.
#엄브로 #umbro #플리스 #헤로파플리스",100,17911552271006012,4085,FEED,CAROUSEL_ALBUM,https://scontent.cdninstagram.com/v/t51.29350-15/244547970_3139300279634121_3078542911049509478_n.jpg?_nc_cat=111&ccb=1-7&_nc_sid=8ae9d6&_nc_ohc=SAyVDZ_ETlcAX_f2Vab&_nc_ht=scontent.cdninstagram.com&edm=AL-3X8kEAAAA&oh=00_AfBja0c_wztyq-9YPO1FpuSDka_UlGplDeNGy4NW2V1X6Q&oe=64D685B8,https://www.instagram.com/p/CUxirbIhCO8/,2021-10-08T16:19:10+0000,jiseong
"곰돌이와 스마일 프린팅이 매력적인 이쿤하세요 😉💙 
.
.
#ad #이스트쿤스트 #istkunst",105,17949846106527467,3254,FEED,CAROUSEL_ALBUM,https://scontent.cdninstagram.com/v/t51.29350-15/244474753_221646256625196_3795542215239232079_n.jpg?_nc_cat=104&ccb=1-7&_nc_sid=8ae9d6&_nc_ohc=MsRRZLCEcqsAX9V99MI&_nc_ht=scontent.cdninstagram.com&edm=AL-3X8kEAAAA&oh=00_AfCbEFCu3W-djN3riDs8vazCaJuaM37arbbNX-bE5k5Eew&oe=64D770DF,https://www.instagram.com/p/CUpEyZIBmle/,2021-10-05T09:24:03+0000,jiseong
"#광고 
온라인에서만 만나볼 수 있었던 베네통 ‘글로벌 컬렉션’ 가로수길 팝업스토어에 다녀왔습니다:) 

❤️💙💚이번 팝업스토어는 ‘유나이티드 컬러즈 오브 베네통: United Colors of Benetton’이라는 브랜드 정체성이 느껴지도록 알록달록하게 꾸며져 있고 다양하고 감각적인 컬러가 돋보이는 베네통의 글로벌 컬렉션도 직접 만나볼 수 있어서 좋았습니다☺️✨

상품에 부착된 QR코드를 스캔하면 자사몰로 바로 연동되어 상품 정보를 확인할 수 있고, 온라인에서 구매가 가능합니다! 팝업스토어 오픈 기념으로 30% 할인(일부 상품 제외)도 진행하고 있다고 하니 득템하러 가요 🏃🏻❣️

✔️또한 베네통 온라인몰 회원가입과 하이스트리트 이탈리아 인스타그램을 팔로우하면 에코백과 양말도 증정하고 있으니 소진되기 전에 꼭 받아가세요>_< (특히 에코백이 너무 이뻐서 저는 받자마자 뜯어서 메봤어요 😆 🌹❣️)
benetton_korea highstreet_italia
#베네통 #글로벌컬렉션 #베네통팝업스토어 #하이스트리트이탈리아 #베네통코리아 #팝업스토어",75,18144273874200306,2691,FEED,CAROUSEL_ALBUM,https://scontent.cdninstagram.com/v/t51.29350-15/243703436_271365001566257_3958162771791041589_n.jpg?_nc_cat=105&ccb=1-7&_nc_sid=8ae9d6&_nc_ohc=US9nZhgvJGwAX8mmzZW&_nc_ht=scontent.cdninstagram.com&edm=AL-3X8kEAAAA&oh=00_AfCfHPTbMmVtCUB_8MuvKEQkxua6478DkTW9ytWF0gsl9w&oe=64D676CE,https://www.instagram.com/p/CUhArcDBzx6/,2021-10-02T06:14:13+0000,jiseong
"추석 오기전에 손유나클리닉에서 관리 받고 왔어요:) 벌써 브이캣 4번째 방문인데 확실히 꾸준히 관리받으니까 얼굴형이 다듬어지는 느낌…! 😇💙
.
.

#윤곽주사#압구정피부과#지방분해주사#손유나클리닉#캣주사#브이캣#광대캣",79,17948658934532999,2758,FEED,CAROUSEL_ALBUM,https://scontent.cdninstagram.com/v/t51.29350-15/242211723_152502800377893_5079730228892891488_n.jpg?_nc_cat=100&ccb=1-7&_nc_sid=8ae9d6&_nc_ohc=Jv30c-lESr0AX_ZSfo_&_nc_ht=scontent.cdninstagram.com&edm=AL-3X8kEAAAA&oh=00_AfBUmzHRWfqX6XrsNtrQaBTbnvpsAowfeZAABu_Mpj9-aQ&oe=64D5A555,https://www.instagram.com/p/CT4lGcch23b/,2021-09-16T13:23:37+0000,jiseong
"CP 컴퍼니의 아이코닉한 렌즈포켓이 적용된 “CHROME-R OVERSHIRT” 입어봤습니다 🤍

자켓의 소재는 완전한 리사이클 버전의 멀티 필라멘트 나일론인 🌿CHROME-R로 제작되었으며, 지속 가능한 구조로 물과 바람이 거의 침투되지 않는 기능과 함께 다른 소재보다 더욱 가볍고 생동감 있는 색감으로 연출되어서 완전 이뻣어요🏃🏻✨
.
.
#ad #CPCOMPANY #COEVO #CHROME #OVERSHIRTS #LENS #CP컴퍼니 #코에보 #크롬 #오버셔츠 #렌즈",100,17910305147076250,7971,FEED,CAROUSEL_ALBUM,https://scontent.cdninstagram.com/v/t51.29350-15/241460758_4485757964844519_5198797774048500388_n.jpg?_nc_cat=108&ccb=1-7&_nc_sid=8ae9d6&_nc_ohc=Ux9UbFePetcAX_7BqzY&_nc_ht=scontent.cdninstagram.com&edm=AL-3X8kEAAAA&oh=00_AfCwgueJnobDKcEB7a4nUIo9CqPYNt6opaBRFJN6ziv3PQ&oe=64D6AC7C,https://www.instagram.com/p/CToX8uNBYBA/,2021-09-10T06:20:51+0000,jiseong
"#제품협찬
꾸준히 사랑 받아온 키엘의 오리지널 머스크 향수가 카카오톡 선물하기에서 각인 서비스를 시작했다고 합니다 :) 🎁

원하는 문구를 직접 보틀에 새겨 넣어 세상에서 단 하나뿐인 특별한 향수를 간직할 수 있어요 ! 
(저는 저에게 주는 선물로 ‘for xsung’ 으로 넣어보았습니다 *)

🍂 은은한 머스크향은 다가오는 가을의 무드와도 잘 맞아서 지금 시기에 딱 어울리는 향수로 추천드립니다 🥰
.
.
#키엘 #오리지널머스크향수 #머스크향수 #가을향수 #가을향수추천 #향수 #향수추천 #각인향수
#카카오선물하기 #각인 #각인서비스 #머스크 #머스크향 #인생향수 #Kiehls #KiehlsKorea",27,17867548196592356,969,FEED,CAROUSEL_ALBUM,https://scontent.cdninstagram.com/v/t51.29350-15/241186697_724954641652973_5086014410978575441_n.jpg?_nc_cat=105&ccb=1-7&_nc_sid=8ae9d6&_nc_ohc=JF2XyXKQHyoAX9kddMu&_nc_ht=scontent.cdninstagram.com&edm=AL-3X8kEAAAA&oh=00_AfBvhZ6F6sRYBXxZagQBfUKehrW4IlsZKExtK5gryUbhvw&oe=64D60765,https://www.instagram.com/p/CTmzMY7BjRm/,2021-09-09T15:40:26+0000,jiseong
"#광고 
이태리 디자이너 닐바렛에서 한국을 위한 한정판 제품이 출시되었다고 합니다 :) 
닐바렛 후드티는 처음 입어보는데 핏과 원단이 진짜 좋았어요 ,, 역시 made in ITALY ✨☺️

💁🏻‍♂️코리아 익스클루시브 제품은 닐바렛 공식 사이트 코오롱몰
(www.kolonmall.com)과 닐바렛 전국 매장에서 만나볼 수 있습니다 
.
.
#닐바렛 #neilbarrett #닐바렛21FW #닐바렛코리아익스클루시브 #후드티",121,17931070417727664,7360,FEED,CAROUSEL_ALBUM,https://scontent.cdninstagram.com/v/t51.29350-15/241482304_4193466524107756_168929574331845955_n.jpg?_nc_cat=109&ccb=1-7&_nc_sid=8ae9d6&_nc_ohc=RjGdbR-TrSYAX8RpZx3&_nc_ht=scontent.cdninstagram.com&edm=AL-3X8kEAAAA&oh=00_AfDb2-0H0ewLRO0IK-n-DVdF5JIvojcPvcJudILGLC6cow&oe=64D5B43F,https://www.instagram.com/p/CTj3-TPBNrS/,2021-09-08T12:24:29+0000,jiseong
"8월 마지막 날이 되었습니다, 개강러들은 고개를 들어주세요 🌞💁🏻‍♂️",96,17986058509380451,3858,FEED,IMAGE,https://scontent.cdninstagram.com/v/t51.29350-15/240773609_650833652546768_2888180445029835346_n.jpg?_nc_cat=104&ccb=1-7&_nc_sid=8ae9d6&_nc_ohc=SgPcRxG-JjEAX_lDdIs&_nc_ht=scontent.cdninstagram.com&edm=AL-3X8kEAAAA&oh=00_AfDNtsVKJVksUN5zLFwKNRUvjZKvnyWXOi5sfSD7Ds326g&oe=64D61C71,https://www.instagram.com/p/CTNEUxABGfs/,2021-08-30T15:49:52+0000,jiseong
"후드티는 회색이 국룰이라9
#협찬 #mahagrid #마하그리드",110,17925895930686932,4335,FEED,CAROUSEL_ALBUM,https://scontent.cdninstagram.com/v/t51.29350-15/240504859_114736090818580_8738093618948174035_n.jpg?_nc_cat=107&ccb=1-7&_nc_sid=8ae9d6&_nc_ohc=EaNyXbIHR1UAX-qJHFZ&_nc_ht=scontent.cdninstagram.com&edm=AL-3X8kEAAAA&oh=00_AfD6LRJJsYahcl10GkODCOZxitXC0TBJtyL4HcI9OvIOOg&oe=64D615CD,https://www.instagram.com/p/CTAAKpChFRh/,2021-08-25T14:03:25+0000,jiseong
"#광고 
빈트릴의 플로우해시태그 맨투맨으로 다가오는 가을 준비 🤍🖤
.
.
#빈트릴 #beentrill #플로우해시태그 #무신사",78,18090314740278122,2738,FEED,CAROUSEL_ALBUM,https://scontent.cdninstagram.com/v/t51.29350-15/240431919_5875797269161916_5575045951872046371_n.jpg?_nc_cat=111&ccb=1-7&_nc_sid=8ae9d6&_nc_ohc=tjYSEql7m2cAX9V5o6J&_nc_ht=scontent.cdninstagram.com&edm=AL-3X8kEAAAA&oh=00_AfDRazPaIXCtPicCt1GPI_clV-X32Vh51gbSq-Io-LXdng&oe=64D6A391,https://www.instagram.com/p/CS1jyL7hG3t/,2021-08-21T12:43:00+0000,jiseong
"#제품제공
🌿여름 휴양지에서 영감을 받은 톰포드 뷰티의 '네롤리 포르토피노' 향수는 오렌지 플라워를 노트로한 시트러스 플로럴 계열의 향수로, 시원하면서도 잔잔한 향이 지속되어 지금의 계절감에 잘 어울리는 제품이었어요 :) 🌊✨

같은 라인의 바디 모이스춰라이저는 채취하기 어렵고 고가로 잘 알려진 감귤계열의 흰 꽃잎인 네롤리를 원료로 만들어졌으며, 이탈리아 휴양지에서의 시원한 바람과 나뭇잎의 느낌을 완벽하게 재현한 한 향의 크림이라고 합니다 :) 

여름의 무드를 담은 제품들을 찾고 있다면 추천드려요 꾹 💙
.
.
#톰포드 #톰포드뷰티 #톰포드향수 #남녀공용향수 #현빈향수 #TOMFORDBEAUTY #TOMFORD #TFPRIVATEBLEND #HYUNBIN #톰포드네롤리 #네롤리포르토피노 #시트러스향수 #톰포드바디로션 #퍼퓸바디로션",43,17939068822576421,1229,FEED,CAROUSEL_ALBUM,https://scontent.cdninstagram.com/v/t51.29350-15/236586018_616278106006352_9033056591773301941_n.jpg?_nc_cat=105&ccb=1-7&_nc_sid=8ae9d6&_nc_ohc=DRL0jRB_kXkAX-UyF5k&_nc_ht=scontent.cdninstagram.com&edm=AL-3X8kEAAAA&oh=00_AfDBPj1m7d98qIn_1pJC-gh7mtOISPPkh3TosPqvcYoWEw&oe=64D70D1F,https://www.instagram.com/p/CSi_k35h_no/,2021-08-14T07:40:17+0000,jiseong
"나도 이렇게 찍어보고 싶었오 😇
차니형 스캇으로 소원성취 💙",95,17926545439706107,5223,FEED,CAROUSEL_ALBUM,https://scontent.cdninstagram.com/v/t51.29350-15/236065457_2730800407210410_2185213288554065194_n.jpg?_nc_cat=106&ccb=1-7&_nc_sid=8ae9d6&_nc_ohc=w-i7cKPx2ZsAX-251bb&_nc_ht=scontent.cdninstagram.com&edm=AL-3X8kEAAAA&oh=00_AfB224gjapzMY7HB3ma-9zAY9N4ypNhdvVT70TMauqbvwQ&oe=64D6CFB7,https://www.instagram.com/p/CShNgm4BYrv/,2021-08-13T15:03:33+0000,jiseong
"손유나클리닉에서 관리받고 왔어요 ✨ 벌써 브이캣 3회차인데 얼굴 라인이 확실히 정리된 느낌 😉😇
.
.
#윤곽주사#압구정피부과#지방분해주사#손유나클리닉#캣주사#브이캣#광대캣",95,17908749841906714,3545,FEED,CAROUSEL_ALBUM,https://scontent.cdninstagram.com/v/t51.29350-15/236275495_388536169501447_8223996341229504167_n.jpg?_nc_cat=105&ccb=1-7&_nc_sid=8ae9d6&_nc_ohc=pbWVKqXXM68AX-RtF0X&_nc_ht=scontent.cdninstagram.com&edm=AL-3X8kEAAAA&oh=00_AfBiFUT1SNgUT7dY3XEMp98UHI-xCym_RmqKcoLJfKQKoQ&oe=64D704B1,https://www.instagram.com/p/CSep1xEhMSk/,2021-08-12T15:13:23+0000,jiseong
"벨트랑 팔찌로 포인트주기 🖤🤍
++수작업으로 제작되서 퀄리티가 진차  좋았어요 😇
#permit",94,17991808279370757,3972,FEED,IMAGE,https://scontent.cdninstagram.com/v/t51.29350-15/233987962_214103597196835_227952657466505817_n.jpg?_nc_cat=111&ccb=1-7&_nc_sid=8ae9d6&_nc_ohc=qIi7PTKvAbUAX9E9sPF&_nc_ht=scontent.cdninstagram.com&edm=AL-3X8kEAAAA&oh=00_AfDVSUGwJRZ1CCEpE-w-vn8i4hh21L6gTPvDWIo471ZANA&oe=64D785E5,https://www.instagram.com/p/CSWzXSyBlb8/,2021-08-09T14:02:41+0000,jiseong
"#광고
배스킨라빈스에서 8월 이달의 맛으로 '아이스 꼬북칩'이 출시되어 직접 먹어봤습니다 :)

꼬북칩 아이스크림과 밀크 시나몬 초콜릿 아이스크림 속에 초코코팅 꼬북칩과 시나몬 초콜릿칩이 어우러져 정말 맛있었어요 🍦🐢

이외에도 아이스 꼬북칩 케이크와, 꼬북칩 초코 츄러스 샌드 그리고 블라스트까지! 8월 한달동안 배스킨라빈스 매장과 해피오더를 통해 꼬북칩과 함께한 다양한 디저트들을 만나보실 수 있습니다 >_<
.
.
 #배스킨라빈스 #이달의맛 #아이스꼬북칩 #아이스꼬북칩케이크 #꼬북칩초코츄러스샌드 baskinrobbinskorea
#배라 #아이스크림 #디저트추천",89,17893611023166929,3889,FEED,CAROUSEL_ALBUM,https://scontent.cdninstagram.com/v/t51.29350-15/231865260_532095994676355_2271962742072245663_n.jpg?_nc_cat=102&ccb=1-7&_nc_sid=8ae9d6&_nc_ohc=tvQe0CLqfKkAX9ZWgt1&_nc_ht=scontent.cdninstagram.com&edm=AL-3X8kEAAAA&oh=00_AfAU5wCeDiZXqBfopOlh4UNBSvg4JySAH2AO5Rvc-MlbRA&oe=64D5C4E8,https://www.instagram.com/p/CSOXD3FhXLi/,2021-08-06T07:21:26+0000,jiseong
my blue 💙,85,17893442603176849,4454,FEED,IMAGE,https://scontent.cdninstagram.com/v/t51.29350-15/231408863_269084097886512_6776470859452848374_n.jpg?_nc_cat=105&ccb=1-7&_nc_sid=8ae9d6&_nc_ohc=R39e5FWMhxUAX_mFbi_&_nc_ht=scontent.cdninstagram.com&edm=AL-3X8kEAAAA&oh=00_AfAc9ZVJ7tsyJvnrslPYsbr6EgE7gSUb77Qeo7ke34nqfg&oe=64D7038F,https://www.instagram.com/p/CSMo9s0JojQ/,2021-08-05T15:19:24+0000,jiseong
"#광고 
8월 1일부터 8월 31일까지 올리브영 명동 플래그십스토어에서 랄프로렌 랄프 시리즈의 플레이그라운드 존이 오픈한다고 합니다 :)✨💎

++이와 함께 랄프로렌의 [랄프 프레쉬]를 8월 전국 올리브영 매장에서 만나볼수 있으니 향수 좋아하는 칭구들 출동해요 🏃🏻🏃🏻‍♀️
.
.
#랄프로렌 #ralphlauren #폴로향수 #랄프프레쉬 #올리브영명동플래그십스토어 #올리브영향수",19,18138244057200724,1032,FEED,CAROUSEL_ALBUM,https://scontent.cdninstagram.com/v/t51.29350-15/225096676_843296029915197_2173117297206880370_n.jpg?_nc_cat=100&ccb=1-7&_nc_sid=8ae9d6&_nc_ohc=z8HQaOCoXoMAX-V9uzl&_nc_ht=scontent.cdninstagram.com&edm=AL-3X8kEAAAA&oh=00_AfAI7BE99Zt0166B5DrnMFjS7afJKsCgusN1L3L5FddOvg&oe=64D6DCAE,https://www.instagram.com/p/CR4CopgLND_/,2021-07-28T15:19:40+0000,jiseong
"#광고 
쉐이크쉑에서 한국진출 5주년을 기념해 한국의 음식문화를 담은 한정 제품을 출시했다고 해서 다녀왔습니다 :) 

이번 신제품은 ‘서울식 불고기 버거’ 
‘막걸리 쉐이크’로 20일부터 8월 31일까지만 판매한다고 하니 꼭 가서 드셔보세요, 추천 💪🏻🍔

(++로컬 일러스트 아티스트 ‘아트모스피어’와 협업한 5주년 아트워크를 디지털 굿즈로 출시하여 자유롭게 다운받아 활용할 수 있는 이벤트도 진행하고 있다고합니다😉) 
.
.
#쉐이크쉑 #shakeshack #쉑쉑버거 #서울식불고기버거 #막걸리쉐이크 #쉑리미티드 #지평주조 #한일관",110,17908373746955424,4569,FEED,CAROUSEL_ALBUM,https://scontent.cdninstagram.com/v/t51.29350-15/219479361_1812797578924430_3430551195759785539_n.jpg?_nc_cat=108&ccb=1-7&_nc_sid=8ae9d6&_nc_ohc=r-i0cTP6cxEAX-RTqtu&_nc_ht=scontent.cdninstagram.com&edm=AL-3X8kEAAAA&oh=00_AfCl7OQmRAwK2KhVf8zQunl_UZN04-Ewzq0WKTzI_i-K4g&oe=64D7207D,https://www.instagram.com/p/CRib19MriAu/,2021-07-20T05:56:39+0000,jiseong
"#광고 
운동과 일상, 어디에서나 편안한 착용감에 핏까지 이쁜 카하나 💙💪🏻
*사진 속 제품들 모두 카하나 제품으로만 착용했습니다 :)
.
.
#365팬츠 #이지라이트 #남자바지 #남자슬랙스 #남자코디 #남자블랙진 #워크레저 #워크레저룩 #에슬레저룩 #카하나 #카하나팬츠",98,18219627607072250,6033,FEED,CAROUSEL_ALBUM,https://scontent.cdninstagram.com/v/t51.29350-15/210762080_827540631490733_88963952099169249_n.jpg?_nc_cat=109&ccb=1-7&_nc_sid=8ae9d6&_nc_ohc=LfSUUpm4PmYAX_4qf59&_nc_ht=scontent.cdninstagram.com&edm=AL-3X8kEAAAA&oh=00_AfAOjIoMmty50RBE3svKzzrLWOKLVHJoIUbpP8X1nBBsWA&oe=64D72D5F,https://www.instagram.com/p/CRB3sKsAUi7/,2021-07-07T14:25:02+0000,jiseong
"#광고 
오늘(7/2) 잠실 롯데월드몰에 ‘메종마르지엘라 레플리카 프래그런스 플래그쉽 스토어’가 오픈했어요 :) 

이번 플래그쉽 스토어에서는 신제품 ‘마차메디테이션’도 만나볼 수 있습니다 ✨
#maisonmargielafragrances #smellslikememories #메종마르지엘라 #메종마르지엘라레플리카 #잠실롯데월드몰점",46,17889972434156165,1326,FEED,CAROUSEL_ALBUM,https://scontent.cdninstagram.com/v/t51.29350-15/210022396_538550373947208_1078249697346780733_n.jpg?_nc_cat=110&ccb=1-7&_nc_sid=8ae9d6&_nc_ohc=bvcLge3FT4sAX8Gwam5&_nc_ht=scontent.cdninstagram.com&edm=AL-3X8kEAAAA&oh=00_AfCck4uyOpUKVWOLN_yIOTSPdV6zCun2qgvbL0iq-TyTFw&oe=64D719FE,https://www.instagram.com/p/CQ08U0ks6cw/,2021-07-02T13:55:25+0000,jiseong
"#제품제공 
노스페이스로 여름나기 🌿

올림픽 티셔츠는 환경보호를 위한 리사이클 소재로 만들어졌으며, 인피니티 벡은 검증된 테스트를 거친 인라인 기술의 러닝화 입니다 💪🏻
.
.
#노스페이스 #k에코티셔츠 #국가대표티셔츠 #박스티 #라운드티 #반팔티 #반팔티추천 #남자반팔티 #인피니티벡 #러닝화 #남자러닝화 #러닝화추천 #남자여름패션 #데일리룩",102,17918485840741173,5499,FEED,CAROUSEL_ALBUM,https://scontent.cdninstagram.com/v/t51.29350-15/209256276_998812844197564_8688295684563684761_n.jpg?_nc_cat=110&ccb=1-7&_nc_sid=8ae9d6&_nc_ohc=JgdwDym3hxkAX8cSyjn&_nc_ht=scontent.cdninstagram.com&edm=AL-3X8kEAAAA&oh=00_AfCenf4jlZs6nvnNv5DcAFqM15OSc_c6gvzGlxfKLRKWWQ&oe=64D780EB,https://www.instagram.com/p/CQloxw0A3hD/,2021-06-26T15:16:00+0000,jiseong
"sonyounaclinic 손유나클리닉에서 관리 받고 왔어요 🌿

겁쟁이라 주사는 무서웠는데 친절하게 상담해주시고, 스테로이드 성분 없는 시술로 안심하고 받았습니다 💚
.
.
#손유나클리닉 #닥터손유나의원 #윤곽주사 #브이캣 #청담동피부과 #압구정피부과 #사각턱보톡스 #침샘보톡스 #보톡스 #브이캣주사",133,17879073839495414,6172,FEED,IMAGE,https://scontent.cdninstagram.com/v/t51.29350-15/203667790_449980529415121_8757886412520066343_n.jpg?_nc_cat=106&ccb=1-7&_nc_sid=8ae9d6&_nc_ohc=pCdyTqgqvlAAX8t-T0I&_nc_ht=scontent.cdninstagram.com&edm=AL-3X8kEAAAA&oh=00_AfBQ_6Nz0yCC8z49n73pB26JXAcx5JyZue5HFyMhMmIkTQ&oe=64D64AA2,https://www.instagram.com/p/CQY0Ypogfy7/,2021-06-21T15:47:18+0000,jiseong
"음
#메인부스 #mainbooth",110,18233953411063783,4198,FEED,CAROUSEL_ALBUM,https://scontent.cdninstagram.com/v/t51.29350-15/199777374_4015881371798828_6322812787454902249_n.jpg?_nc_cat=107&ccb=1-7&_nc_sid=8ae9d6&_nc_ohc=_fUMfa4zL2YAX83oPxZ&_nc_ht=scontent.cdninstagram.com&edm=AL-3X8kEAAAA&oh=00_AfDrg586f8fA9cZYAfUgO4M-UarbxRzP_RZRcFeML3O3kQ&oe=64D59EE7,https://www.instagram.com/p/CQD5SkLg-Vu/,2021-06-13T12:46:06+0000,jiseong
"볼 일 있어서 나왔다가 쇼핑셔틀로 납치됨^ㅠ^ ,,집 가고 싶어요",84,18168470548134352,3234,FEED,IMAGE,https://scontent.cdninstagram.com/v/t51.29350-15/199963559_794470197939752_4601046141737346254_n.jpg?_nc_cat=101&ccb=1-7&_nc_sid=8ae9d6&_nc_ohc=5J0zuULWi4kAX9pDDcU&_nc_oc=AQnRWho971v8YyqkrGmXbGH4yOK-hhPYX1nr030AS6bs3bbekHLFwnQiKTJS0VzlsLs&_nc_ht=scontent.cdninstagram.com&edm=AL-3X8kEAAAA&oh=00_AfD86mZiQrsjzjPjv5mtkj2v2XxBRR-ZOXF-PKidQoxCJA&oe=64D77287,https://www.instagram.com/p/CP9-KpdgRRL/,2021-06-11T05:33:16+0000,jiseong
더워요 ಠ_ಠ,128,17869815275457578,7297,FEED,IMAGE,https://scontent.cdninstagram.com/v/t51.29350-15/199194197_811229706180999_5685186098249231618_n.jpg?_nc_cat=100&ccb=1-7&_nc_sid=8ae9d6&_nc_ohc=K8WAOXLSMWcAX_1-myS&_nc_ht=scontent.cdninstagram.com&edm=AL-3X8kEAAAA&oh=00_AfDwRopGs-US1n0SHiOkQnw_g_RYbPpBgdlCc2VLlNcxTA&oe=64D5CCF9,https://www.instagram.com/p/CP5XrP2g3Ss/,2021-06-09T10:39:58+0000,jiseong
"[메인부스 21 S/S]
ʕ•ᴥ•ʔ 
.
.
#mainbooth #메인부스",58,17898816661979221,1800,FEED,CAROUSEL_ALBUM,https://scontent.cdninstagram.com/v/t51.29350-15/198362114_516105026210190_3569548438694397412_n.jpg?_nc_cat=109&ccb=1-7&_nc_sid=8ae9d6&_nc_ohc=sEEol-ODLogAX-Pdmlp&_nc_ht=scontent.cdninstagram.com&edm=AL-3X8kEAAAA&oh=00_AfBzKAmydQUNwGIvv9erNbZV9F92i_FZLEfrTGMOwgWsnw&oe=64D76292,https://www.instagram.com/p/CP3Wg2TgGK-/,2021-06-08T15:51:20+0000,jiseong
"#광고 ‘21SS 미즈노 라이프 스타일’
깔끔한 디자인으로 어디에나 무난하게 어울려서 스포츠 웨어로도, 편안한 데일리룩으로도 좋아요 🙆🏻‍♂️
(+미즈노 공홈에서 풋살 라인의 제품들도 만나볼 수 있습니다⚽️)
.
.
#mizuno #미즈노 #스포츠스타일 #라이프스타일 #미즈노풋살 #미즈노반팔 #남자코디 #남자데일리룩 #남자여름코디 #스포츠웨어 #ootd #dailylook",67,18229656664021483,2878,FEED,CAROUSEL_ALBUM,https://scontent.cdninstagram.com/v/t51.29350-15/190412168_317388253097934_8498792261591134824_n.jpg?_nc_cat=110&ccb=1-7&_nc_sid=8ae9d6&_nc_ohc=t2D5TVoRARYAX896RQw&_nc_ht=scontent.cdninstagram.com&edm=AL-3X8kEAAAA&oh=00_AfB9MriOFf_P6mr-7nMUuBGRmYkCEo7nwlq3tdc67SndRQ&oe=64D667FA,https://www.instagram.com/p/CPTBjgbAaXO/,2021-05-25T13:15:32+0000,jiseong
"#제품협찬 
YALE 💓
.
.
#예일 #빈티지 #빈티지웨어 #아이비리그 #무신사 #오오티디 #반팔티추천 #남자반팔티 #남자코디 #남자데일리룩 #남자여름코디 #데일리룩",63,18161376697180452,2807,FEED,CAROUSEL_ALBUM,https://scontent.cdninstagram.com/v/t51.29350-15/191137938_258183159330460_6458398795580880576_n.jpg?_nc_cat=104&ccb=1-7&_nc_sid=8ae9d6&_nc_ohc=WoMijOoxA6MAX-xhEEB&_nc_ht=scontent.cdninstagram.com&edm=AL-3X8kEAAAA&oh=00_AfC3nhh6B30ZNBB5RUhRFOOrv9mJCIhmKE7zUL-BXqJWWw&oe=64D6B94A,https://www.instagram.com/p/CPP6mH_gbSp/,2021-05-24T08:17:00+0000,jiseong
"#ad 
오랜만에 셀기꾼 등-장 😫
(착용한 어반이어스 제품은 파스텔 색감의 블루투스 이어폰으로 음질도 좋고, 디자인도 조하요 👏🏻) 
.
.
#Urbanears #Alby #어반이어스알비 #어반이어스 #커널형블루투스이어폰 #무선이어폰 #코드리스이어폰 #이어폰추천 #블루투스이어폰",72,17954383393421133,3728,FEED,CAROUSEL_ALBUM,https://scontent.cdninstagram.com/v/t51.29350-15/177968264_568659664115033_41094607862839683_n.jpg?_nc_cat=109&ccb=1-7&_nc_sid=8ae9d6&_nc_ohc=MIlybpA-2LwAX8v9XvN&_nc_ht=scontent.cdninstagram.com&edm=AL-3X8kEAAAA&oh=00_AfDQ4tUUsDC2-Q_8SgfKO3NtwU9fubv0tafSSQAKlTvFrw&oe=64D69FB9,https://www.instagram.com/p/CPAjEIHAIMy/,2021-05-18T09:02:47+0000,jiseong
"#유료광고 
오늘은 캠퍼스룩으로 니트조끼에 오버핏 반팔로 코디해보았습니다 😇

코로나로 인해 축제 시즌에도 즐기지 못하는 대학생들을 위해 🥺 SK텔레콤에서 온택트 축제 '0캠 대동제'를 개최했다고 합니다 :)

브랜디, 하이버와 함께 진행하고 있는 이번 이벤트는 저와 같이 “자신 만의 축제 코디룩을 인스타그램에 인증”하기만 하면 베스트 코디를 뽑아 호텔 숙박권과 상품권을 준다고합니다 👀😆
 (✔️자세한 내용은 brandi__official / hiver__official 을 통해 확인해주세요 👏🏻)
#SK텔레콤 #0한동 #0캠대동제 #학교축제룩",62,18154044619085153,1896,FEED,CAROUSEL_ALBUM,https://scontent.cdninstagram.com/v/t51.29350-15/186255396_1251926191891620_574020304730266460_n.jpg?_nc_cat=106&ccb=1-7&_nc_sid=8ae9d6&_nc_ohc=KdTZvuuGuj4AX8t8F9a&_nc_ht=scontent.cdninstagram.com&edm=AL-3X8kEAAAA&oh=00_AfBo-3JEE6YlN6GsqoEjUgc9m7f_DIw71tqUhnkz16MaCA&oe=64D77E0C,https://www.instagram.com/p/CO7gG5QAB9Z/,2021-05-16T10:00:44+0000,jiseong
"#제품협찬 
오늘은 초록셋업 🤢
.
.
#에씨드슬라이드 #aciddslide #스트릿 #스트릿브랜드 #캐주얼 #캐주얼브랜드 #캐쥬얼 #캐쥬얼브랜드 #데일리 #데일리룩 #ootd #무신사 #우신사 #셋업 #셋업코디 #셋업추천 #쇼츠 #반팔티추천 #남자코디 #남자데일리룩 #남자코디추천",55,18151960639086202,2348,FEED,CAROUSEL_ALBUM,https://scontent.cdninstagram.com/v/t51.29350-15/184041270_868777047319066_1296504436346907841_n.jpg?_nc_cat=106&ccb=1-7&_nc_sid=8ae9d6&_nc_ohc=yMQTtdv73dQAX-MFX9O&_nc_ht=scontent.cdninstagram.com&edm=AL-3X8kEAAAA&oh=00_AfCY6qe-qGbWmNTUkgJNVcep_JvB9ynhlYMvW_7ALDOneA&oe=64D6C8FE,https://www.instagram.com/p/COuJgSQge15/,2021-05-11T05:33:06+0000,jiseong
"#광고 
시원한 소재의 쿨맥스 티셔츠 >_< 핏도 짱짱합니다 ✨😫 
++지금 날씨에는 이너로 입기에도 좋아오 🙃
.
.
#더니트컴퍼니 #더니트쿨맥스 #쿨맥스수피마 #더니트쿨맥스수피마 #반팔티추천 #반팔티 #남자반팔티 #남자코디 #남자데일리룩 #남자패션 #여름코디 #여름준비",61,17855044418536096,6038,FEED,CAROUSEL_ALBUM,https://scontent.cdninstagram.com/v/t51.29350-15/182089829_101392922073415_5111557844827194920_n.jpg?_nc_cat=102&ccb=1-7&_nc_sid=8ae9d6&_nc_ohc=Azfp1QBWCL0AX_smoGi&_nc_ht=scontent.cdninstagram.com&edm=AL-3X8kEAAAA&oh=00_AfBCEguXRdVj0EC5bw1IP28yJGcUcaiH2pmFW3JGGVEwSg&oe=64D64D48,https://www.instagram.com/p/COfKSGsgaFF/,2021-05-05T09:51:18+0000,jiseong
"#광고 
주말에 서울숲에서 기 다빨린날 ,,
.
.
#가먼트레이블 #와플니트 #반팔티추천 #남자반팔티 #남자코디 #남자데일리룩 #남자패션 #여름코디 #데일리룩 #서울숲 #성수",28,17875406270293793,1514,FEED,CAROUSEL_ALBUM,https://scontent.cdninstagram.com/v/t51.29350-15/177700212_912888399283880_5697453512778444943_n.jpg?_nc_cat=103&ccb=1-7&_nc_sid=8ae9d6&_nc_ohc=ql0nSK4nNQwAX-C0Ala&_nc_ht=scontent.cdninstagram.com&edm=AL-3X8kEAAAA&oh=00_AfDzijwLNEf7R7bANkZy3_Ti12WSrLwf2bc6hpZtjeLfhA&oe=64D5DFA0,https://www.instagram.com/p/COJ4QGhAslH/,2021-04-27T03:29:41+0000,jiseong
#hbd to me ◡̈⋆*,46,17888920169115153,1226,FEED,IMAGE,https://scontent.cdninstagram.com/v/t51.29350-15/176491055_818950669045776_3685376326585022734_n.jpg?_nc_cat=101&ccb=1-7&_nc_sid=8ae9d6&_nc_ohc=Ncsd1Q8lmQEAX_vW_g_&_nc_ht=scontent.cdninstagram.com&edm=AL-3X8kEAAAA&oh=00_AfCi_u2qZ9G8pzayL9WRuGBbevls6yq6lTCjyNRwmZyTGQ&oe=64D6DCC2,https://www.instagram.com/p/COAqHHzgoq4/,2021-04-23T13:32:58+0000,jiseong
"#광고 
오늘은 눈을 못뜨겠어오 ,, 🥺
.
.
#메인부스 #mainbooth #데일리룩 #남자코디 #루프탑카페 #성수동카페 #데일리룩코디 #남자패션 #남자데일리룩 #무신사 #오오티디 #ootd",31,17871898403377925,946,FEED,CAROUSEL_ALBUM,https://scontent.cdninstagram.com/v/t51.29350-15/174451266_1170138813424994_3065331982061477087_n.jpg?_nc_cat=101&ccb=1-7&_nc_sid=8ae9d6&_nc_ohc=0rmI6jUPhecAX8UnWyl&_nc_ht=scontent.cdninstagram.com&edm=AL-3X8kEAAAA&oh=00_AfC_eXcnjUeJXNMeAIRRWsnmnzXAyWbCscK-zVPtmk-LUw&oe=64D6F224,https://www.instagram.com/p/CNzF4BfgrjG/,2021-04-18T07:06:12+0000,jiseong
"내가 알던 그 밀레가 맞나 ,, 제품들 핏부터 디자인까지 넘우 취저 😫
.
.
#MilletClassic #밀레클래식 #협찬 #아크오브브라더스 #arkofbrothers",24,17889390449038480,1201,FEED,CAROUSEL_ALBUM,https://scontent.cdninstagram.com/v/t51.29350-15/164419266_843662826185742_2931886144760136027_n.jpg?_nc_cat=109&ccb=1-7&_nc_sid=8ae9d6&_nc_ohc=VAOaa4Dxy14AX8r9WX6&_nc_ht=scontent.cdninstagram.com&edm=AL-3X8kEAAAA&oh=00_AfCxn5ZNtbJ6LgGalEM-HluUrLjsKpTpdKUzeCw7zx_yFQ&oe=64D5A73C,https://www.instagram.com/p/CM59ELRg1ip/,2021-03-27T02:32:30+0000,jiseong
"무야호
.
.
#플레이버리즘 #남자코디 #조끼코디 #남자조끼 #무신사 #오오티디 #ootd #성수카페",27,17913117166639469,838,FEED,CAROUSEL_ALBUM,https://scontent.cdninstagram.com/v/t51.29350-15/161857003_1858771474273659_8930313504856284885_n.jpg?_nc_cat=100&ccb=1-7&_nc_sid=8ae9d6&_nc_ohc=V_TQXIRjlWsAX9xCx7N&_nc_ht=scontent.cdninstagram.com&edm=AL-3X8kEAAAA&oh=00_AfCZb318ykr0WpysPhmn1Nh57blkAGqhClnpUGWxP-UW8w&oe=64D6BEC0,https://www.instagram.com/p/CMrm85Mgk5c/,2021-03-21T12:49:54+0000,jiseong
"#AD 
◾️네셔널지오그래픽만의 ng_apparel 아웃솔인 모션셀이 적용된 트리핀베이직 
(가볍고 푹신푹신해서 데일리 슈즈로 좋아요 🥰)
.
.
#트리핀스텝 #어글리슈즈 #스니커즈 #데일리슈즈 #내셔널지오그래픽 #ng_apparel #ootd #오오티디 #스니커즈추천 #운동화추천 #봄운동화",19,17908778722673942,1147,FEED,CAROUSEL_ALBUM,https://scontent.cdninstagram.com/v/t51.29350-15/158395115_230094345483580_5600339440900424455_n.jpg?_nc_cat=102&ccb=1-7&_nc_sid=8ae9d6&_nc_ohc=RekU_LwgIV0AX80-F5c&_nc_ht=scontent.cdninstagram.com&edm=AL-3X8kEAAAA&oh=00_AfC5OPQQaz96KrZKngP949P5-9az1AAqm9hnyzBpQ0Pj7g&oe=64D76A02,https://www.instagram.com/p/CMMcFGkA1MQ/,2021-03-09T10:18:27+0000,jiseong
✨➰🥰,17,17952105358406014,1574,FEED,IMAGE,https://scontent.cdninstagram.com/v/t51.29350-15/142915403_250672306446669_6872600610454284385_n.jpg?_nc_cat=101&ccb=1-7&_nc_sid=8ae9d6&_nc_ohc=OqdNfE2OZKoAX8e_I2r&_nc_ht=scontent.cdninstagram.com&edm=AL-3X8kEAAAA&oh=00_AfDsq-CDsc6Qecc6qRkPZ3NOm8ohpJbfT_ln7q9HMXsy4g&oe=64D63B2E,https://www.instagram.com/p/CKgSmK5ABkV/,2021-01-26T10:17:36+0000,jiseong
카페가고 싶ㄷr 😭,33,17857424729337139,1163,FEED,IMAGE,https://scontent.cdninstagram.com/v/t51.29350-15/132009071_395301581751690_2868148401638748469_n.jpg?_nc_cat=103&ccb=1-7&_nc_sid=8ae9d6&_nc_ohc=MBXOYhR2cXwAX-RoQCJ&_nc_ht=scontent.cdninstagram.com&edm=AL-3X8kEAAAA&oh=00_AfAZNdIvg3yCC53vvmgpXzOHBlUM8j0jFGu_Ap8zxDNFIA&oe=64D6FC95,https://www.instagram.com/p/CJIwiV6gpvz/,2020-12-23T10:26:04+0000,jiseong
"과제 ,,살,,려줘",26,17902436839588434,1237,FEED,IMAGE,https://scontent.cdninstagram.com/v/t51.29350-15/123245425_1723345211173190_1320913506384261270_n.jpg?_nc_cat=101&ccb=1-7&_nc_sid=8ae9d6&_nc_ohc=geq503T6CuAAX_e1SY7&_nc_oc=AQnNLI2GuRYG7WDJ6mQLVx21gh8OZIqx_2DT5tisoHSQ3YD7hl2XjrMOYN0JR7sZM-o&_nc_ht=scontent.cdninstagram.com&edm=AL-3X8kEAAAA&oh=00_AfC-6FjjLkwj7TOaTyUwHJkN7RomfTpbHP6tm-7y6w1R4Q&oe=64D6C677,https://www.instagram.com/p/CHM5OiqgKtx/,2020-11-05T07:56:10+0000,jiseong
"탈색하면서 상한 머리카락 다 잘라내느라 고슴도치됐어오 🥺🦔
.
.
#짧은머리 #남자머리 #남자머리스타일 #남자헤어스타일",41,17880945412895697,1347,FEED,IMAGE,https://scontent.cdninstagram.com/v/t51.29350-15/123361109_636888850275073_4109106493458512608_n.jpg?_nc_cat=107&ccb=1-7&_nc_sid=8ae9d6&_nc_ohc=ytU8US6BmjsAX8s48aN&_nc_oc=AQmhNuIwfk9mYZXJC3pBot5J5wtHVjzoP73ZnxLBAisA7-pF7b8xMCDvYRkin2zlzPM&_nc_ht=scontent.cdninstagram.com&edm=AL-3X8kEAAAA&oh=00_AfA8GDhfSqu0H-wXi3vYa2jstwshMlKG9RXBo70m1DAGCA&oe=64D6BABA,https://www.instagram.com/p/CHIhiR8ATGB/,2020-11-03T15:12:11+0000,jiseong
"페브님한테 그림 받아서 아침부터 기분 체고 ✨🥰 
.
.
#일러스트 #일러스트레이터 #그림선물",19,17887332124580566,1256,FEED,CAROUSEL_ALBUM,https://scontent.cdninstagram.com/v/t51.29350-15/106582273_296312124894604_3291906472584388610_n.jpg?_nc_cat=111&ccb=1-7&_nc_sid=8ae9d6&_nc_ohc=wrvbWMMvtKIAX8Fpir7&_nc_ht=scontent.cdninstagram.com&edm=AL-3X8kEAAAA&oh=00_AfDTkq6PacwMc0-1F1C8HnNO8mixhHnmr0nXWACON4BbJQ&oe=64D741CE,https://www.instagram.com/p/CB_9MX7AvYd/,2020-06-29T00:43:44+0000,jiseong
"귀여운4람 특징= 후드티 좋아함.(뻔뻔)

#세임폴츠 #sameforts #후드티 #후드집업",94,17844246313999250,1926,FEED,CAROUSEL_ALBUM,https://scontent.cdninstagram.com/v/t51.2885-15/88213045_201678264252857_7856508662840253853_n.jpg?_nc_cat=105&ccb=1-7&_nc_sid=8ae9d6&_nc_ohc=W2P_VYto_GwAX-dxUk9&_nc_ht=scontent.cdninstagram.com&edm=AL-3X8kEAAAA&oh=00_AfBgssxU-ikAdSW8KSSoboxQcsY_7nQhgZdYyXBV79dX4w&oe=64D5AB19,https://www.instagram.com/p/B9O-3legHMY/,2020-03-02T14:10:00+0000,jiseong
#수능화이팅,6,18044884807205514,896,FEED,IMAGE,https://scontent.cdninstagram.com/v/t51.2885-15/74702509_1306704102844240_7533675548413134036_n.jpg?_nc_cat=103&ccb=1-7&_nc_sid=8ae9d6&_nc_ohc=RIo8HlZvcOgAX_Vz_CS&_nc_ht=scontent.cdninstagram.com&edm=AL-3X8kEAAAA&oh=00_AfDO5mq59wRLDZi5VTdg6c4rrx3QgSWTC5_ELqKGqkOElQ&oe=64D5F350,https://www.instagram.com/p/B4zUguWgg1A/,2019-11-13T10:14:49+0000,jiseong
황무룩,8,17847240223555056,1482,FEED,IMAGE,https://scontent.cdninstagram.com/v/t51.2885-15/66129696_1522322057910831_6897165306523423949_n.jpg?_nc_cat=101&ccb=1-7&_nc_sid=8ae9d6&_nc_ohc=tSd4lGkX2AsAX8MyMrQ&_nc_ht=scontent.cdninstagram.com&edm=AL-3X8kEAAAA&oh=00_AfDI9_LxVzUz-uC_cvlpkMp0JTft4aKWc48DEzRZMruRHg&oe=64D7099C,https://www.instagram.com/p/B03Mp5XgEq_/,2019-08-07T12:17:33+0000,jiseong
"전역 앞두고 신나 있던 게 벌써 1년이나 됐다니 😭
(#예비군가기싫다)",27,17984088205166242,4123,FEED,CAROUSEL_ALBUM,https://scontent.cdninstagram.com/v/t51.2885-15/47694302_384817688933706_6321490151889565318_n.jpg?_nc_cat=101&ccb=1-7&_nc_sid=8ae9d6&_nc_ohc=AuQOXIufe34AX-LNlB-&_nc_ht=scontent.cdninstagram.com&edm=AL-3X8kEAAAA&oh=00_AfCm4u9aOoUq0w4gHreZgp0HdIEfGsYk5Cr6XBqH0BgWwA&oe=64D7783D,https://www.instagram.com/p/BsIqYaAASNE/,2019-01-02T14:21:51+0000,jiseong
"11.30 찬이형 연주회 👀🎹
(준비한다고 엄청 고생하더니 완전 잘 쳐서 내가 다 뿌듯 😆)",8,17896464841300141,1431,FEED,CAROUSEL_ALBUM,https://scontent.cdninstagram.com/v/t51.2885-15/46063031_595399287544560_5140946837357252194_n.jpg?_nc_cat=107&ccb=1-7&_nc_sid=8ae9d6&_nc_ohc=ObmrGgyVQMQAX8WNfVB&_nc_ht=scontent.cdninstagram.com&edm=AL-3X8kEAAAA&oh=00_AfAYYhXOPFcmFpNQL0KXCrjspHvIVl46VpTZpzbTZbLpHQ&oe=64D6B63B,https://www.instagram.com/p/Bqz73bnAQFm/,2018-11-30T16:39:11+0000,jiseong
#별마당도서관,26,17988222055111260,2054,FEED,IMAGE,https://scontent.cdninstagram.com/v/t51.2885-15/44840624_737837296573184_2380952065083758714_n.jpg?_nc_cat=101&ccb=1-7&_nc_sid=8ae9d6&_nc_ohc=o3Cvy4UDZJ4AX-3hWJM&_nc_oc=AQn3j3CSNv1fcoLJYnwksTJiot2iqMDShYPy59BKk8Ni9uhCeIMquHVYGJaXAM_ib9U&_nc_ht=scontent.cdninstagram.com&edm=AL-3X8kEAAAA&oh=00_AfBxuaJtDSJ1tDmXkKiF4yKzvApaFP2ehp9IAJWHtTncRg&oe=64D661E6,https://www.instagram.com/p/Bqm0nBageQq/,2018-11-25T14:25:39+0000,jiseong
오랜만에 #빵모자🍞 투척,33,17970165970157414,2149,FEED,IMAGE,https://scontent.cdninstagram.com/v/t51.2885-15/44344069_745279695806045_8097422796462647057_n.jpg?_nc_cat=109&ccb=1-7&_nc_sid=8ae9d6&_nc_ohc=B_GTxuoLlj4AX9wPSbF&_nc_ht=scontent.cdninstagram.com&edm=AL-3X8kEAAAA&oh=00_AfC_6bcf6RyL_Qk2jlIJ9dslTPb34_geLxHEsJjnwE2K3g&oe=64D75A84,https://www.instagram.com/p/BqPYsFOg5UC/,2018-11-16T11:59:08+0000,jiseong
I hate E. υυ,27,17974964653093501,2264,FEED,IMAGE,https://scontent.cdninstagram.com/v/t51.2885-15/44645210_746825948984481_5840711248314013518_n.jpg?_nc_cat=105&ccb=1-7&_nc_sid=8ae9d6&_nc_ohc=NcnQsVvP2ZkAX82CFSc&_nc_ht=scontent.cdninstagram.com&edm=AL-3X8kEAAAA&oh=00_AfBZjjrZAQE4nMYMGgTgBIxg6yPd23lijgSRuAMj_kgJlQ&oe=64D65A68,https://www.instagram.com/p/Bp60EzQgJIa/,2018-11-08T12:14:24+0000,jiseong
왕부담 ☀️,45,17899286371259753,2620,FEED,IMAGE,https://scontent.cdninstagram.com/v/t51.2885-15/42861123_2218470105057013_101421848252046446_n.jpg?_nc_cat=109&ccb=1-7&_nc_sid=8ae9d6&_nc_ohc=Y-LrXScyicIAX9DV_bi&_nc_ht=scontent.cdninstagram.com&edm=AL-3X8kEAAAA&oh=00_AfCSbyhFWfrDII_guJurhXXgm9uVNtqM4ihZmRBf2ptvsw&oe=64D5A1DD,https://www.instagram.com/p/BpDt5fAgr1T/,2018-10-18T02:42:11+0000,jiseong
코아야 다음엔 형이 더 잘 놀아줄게...🙃 #멍스타그램,19,17885403565248199,865,FEED,CAROUSEL_ALBUM,https://scontent.cdninstagram.com/v/t51.2885-15/39506598_250615865784283_8342119832333844480_n.jpg?_nc_cat=107&ccb=1-7&_nc_sid=8ae9d6&_nc_ohc=EeW_efvaUykAX8O1R7U&_nc_ht=scontent.cdninstagram.com&edm=AL-3X8kEAAAA&oh=00_AfApJB2q7VrCnmoiIBzzkf1wC9kushUBOnXBlp5kTPpUXA&oe=64D75F06,https://www.instagram.com/p/BnJYn0rHg0C/,2018-08-31T14:28:56+0000,jiseong
"달님 기적이 일어나게 해주세요🙏🏻
(Feat.끝나지 않는 입시😭)",10,17916666244052762,775,FEED,IMAGE,https://scontent.cdninstagram.com/v/t51.2885-15/26182013_1898873767093236_7597344177898127360_n.jpg?_nc_cat=104&ccb=1-7&_nc_sid=8ae9d6&_nc_ohc=ie3TufWxGLAAX9KcWnO&_nc_ht=scontent.cdninstagram.com&edm=AL-3X8kEAAAA&oh=00_AfCUCrbUAjm_VMOuVH9ZzAELgmtuEPF5LixDueldgc-1gw&oe=64D5DCEE,https://www.instagram.com/p/BdNSQvknaFL/,2017-12-27T13:36:22+0000,jiseong
#줄리의법칙 = 마음속으로 간절히 바라는 일은 예상치 못한 과정을 통해서라도 필연적으로 이루어진다는 법칙,8,17897494429125306,705,FEED,IMAGE,https://scontent.cdninstagram.com/v/t51.2885-15/25015430_131790294168519_3164052370594201600_n.jpg?_nc_cat=109&ccb=1-7&_nc_sid=8ae9d6&_nc_ohc=S33m765U-qIAX9mC9Jq&_nc_ht=scontent.cdninstagram.com&edm=AL-3X8kEAAAA&oh=00_AfB0QrjiWcsjT3eFkTwW-Zuy_JAI3oItOrOCDPl24IQnXw&oe=64D66D75,https://www.instagram.com/p/BchmzdznCET/,2017-12-10T14:29:18+0000,jiseong
盡人事待天命 .,2,17898236215108279,669,FEED,IMAGE,https://scontent.cdninstagram.com/v/t51.2885-15/24254136_134230907225914_1856271559522516992_n.jpg?_nc_cat=110&ccb=1-7&_nc_sid=8ae9d6&_nc_ohc=057anvEcp7cAX-yQ7wz&_nc_ht=scontent.cdninstagram.com&edm=AL-3X8kEAAAA&oh=00_AfBgys5jIVsHbi8zrT4o0pXG938iCDWpJllr9Byyt0D73w&oe=64D675D1,https://www.instagram.com/p/BcPDNtWHrXM/,2017-12-03T09:31:58+0000,jiseong
🦀,34,17892973213008344,1511,FEED,IMAGE,https://scontent.cdninstagram.com/v/t51.2885-15/20634921_1656149231102109_150111366147997696_n.jpg?_nc_cat=107&ccb=1-7&_nc_sid=8ae9d6&_nc_ohc=p2UmwOtDO0EAX8swvZb&_nc_ht=scontent.cdninstagram.com&edm=AL-3X8kEAAAA&oh=00_AfC5o0-Dxs8nqxcX98TuG2xVcqMgGF4X726_uFopKLVYYQ&oe=64D6ED36,https://www.instagram.com/p/BXhLx4oBKOw/,2017-08-08T03:56:11+0000,jiseong
"술 먹으로 가는길에 만 이천원짜리 쓰레기..jpg
#울고싳다",23,17851576735196245,1143,FEED,IMAGE,https://scontent.cdninstagram.com/v/t51.2885-15/20687798_100363014012214_2613232753436524544_n.jpg?_nc_cat=100&ccb=1-7&_nc_sid=8ae9d6&_nc_ohc=Yba1SefTY94AX_c5upI&_nc_ht=scontent.cdninstagram.com&edm=AL-3X8kEAAAA&oh=00_AfCHLSV2lClf2ozKjhiZMZeiHZnqXEBhB2RcxPt553JUyQ&oe=64D74DEB,https://www.instagram.com/p/BXf5g0yB3oO/,2017-08-07T15:57:19+0000,jiseong
